CrimeRate,SchoolRating,IsLuxury
29.06,6.4,0
10.64,6.23,1
0.06,10.0,1
4.16,7.33,0
32.96,6.04,1
25.54,6.74,1
32.61,8.48,0
32.53,7.09,0
11.66,6.18,0
63.03,4.41,0
20.04,3.37,0
21.65,7.69,0
61.01,1.77,0
49.18,4.63,0
28.43,4.18,0
25.07,6.46,0
73.48,5.39,0
0.32,8.05,0
51.91,6.36,0
30.78,6.74,1
56.68,5.81,0
44.31,7.86,0
6.13,7.89,1
5.16,7.01,1
18.63,5.96,0
42.45,6.47,1
48.03,5.76,0
34.29,6.29,1
13.18,5.55,0
41.17,7.97,1
50.41,8.49,1
38.6,7.86,1
35.27,5.03,0
26.54,7.83,0
1.22,4.51,1
13.62,6.84,0
32.23,8.5,0
24.76,7.0,0
35.64,10.0,1
6.59,7.24,0
26.65,6.3,1
33.74,7.77,1
48.52,5.77,1
20.06,9.68,1
16.66,6.11,0
41.79,7.01,0
22.32,4.64,0
41.12,8.01,0
8.22,5.27,1
25.41,6.11,1
17.68,9.58,0
46.63,5.4,0
26.44,4.85,0
20.41,8.18,1
12.0,6.75,0
44.4,3.51,0
18.83,8.7,0
12.23,6.75,1
59.26,5.66,1
70.17,5.97,0
49.94,6.58,1
46.92,8.99,0
61.26,7.0,1
6.83,5.72,1
42.58,6.9,0
45.26,7.41,1
0.78,6.81,1
21.78,7.81,1
20.27,5.46,0
7.24,1.35,0
47.96,4.01,1
19.26,8.7,0
49.62,4.86,1
36.72,4.07,1
23.52,5.67,1
17.39,5.66,0
41.11,8.56,1
16.2,5.49,1
12.69,6.36,0
11.39,6.62,0
29.8,6.09,0
43.84,5.24,0
68.22,6.01,0
40.51,9.17,1
0.41,10.0,1
11.73,6.06,0
13.03,10.0,1
2.7,8.18,0
27.16,6.97,0
30.16,4.86,1
40.12,8.5,0
36.23,9.46,1
62.53,5.8,0
22.17,6.8,1
16.52,9.84,0
69.15,7.41,0
47.86,10.0,0
5.95,6.04,0
32.85,7.61,1
57.18,4.73,0
44.64,6.96,0
7.87,8.59,0
43.25,6.06,1
11.07,8.32,1
4.54,9.13,1
73.02,6.1,1
29.57,5.44,1
47.32,7.61,0
40.12,7.75,1
58.99,6.62,1
36.08,5.08,0
19.21,5.34,1
36.67,8.86,1
32.39,7.37,1
52.88,7.22,1
16.84,5.86,1
30.84,6.58,1
25.79,4.32,0
22.63,9.05,1
2.78,9.57,0
26.18,9.92,0
49.0,4.22,1
39.45,5.21,0
10.18,6.32,1
51.17,5.86,1
14.46,9.76,0
18.19,6.74,0
8.75,10.0,1
12.43,7.92,1
64.24,8.76,1
6.9,3.86,0
5.04,6.73,0
55.85,7.33,1
8.63,7.28,0
41.57,6.49,0
32.57,5.11,1
46.13,7.36,0
42.44,3.19,0
43.05,4.2,1
54.19,5.77,1
67.75,5.86,0
8.28,6.29,1
15.76,7.53,0
35.22,10.0,0
8.65,6.0,1
12.46,8.32,1
22.66,6.29,0
28.99,6.48,0
12.9,5.77,0
74.47,3.21,0
21.49,6.51,0
31.81,7.53,1
32.25,8.38,1
29.5,10.0,1
34.46,7.19,1
68.61,7.11,0
56.05,10.0,1
3.54,8.65,0
59.67,8.94,1
35.05,6.82,0
36.6,6.35,1
21.92,8.44,0
21.72,7.22,0
36.94,4.98,0
73.03,7.81,0
10.14,8.7,1
28.7,6.14,1
23.44,8.39,1
23.31,10.0,0
67.53,4.71,0
55.69,8.92,1
59.04,8.28,0
53.61,6.23,0
14.42,8.41,0
24.88,7.96,0
0.56,9.53,1
10.33,7.4,1
0.92,10.0,1
28.13,6.09,0
0.66,7.3,0
33.79,9.61,1
40.65,7.38,1
13.31,7.65,1
57.37,8.02,1
27.49,6.52,1
54.16,8.53,1
5.1,10.0,1
32.63,5.92,0
28.31,6.26,0
33.56,5.16,1
8.29,8.23,0
4.18,4.31,0
28.25,5.74,0
12.46,5.02,0
6.93,8.27,0
23.15,10.0,0
29.58,3.46,0
19.99,6.48,0
30.02,5.32,0
56.31,5.28,1
24.06,7.94,1
49.15,3.14,0
7.12,8.2,0
42.05,7.61,0
46.56,7.5,1
7.73,7.02,1
81.73,6.44,1
44.88,6.25,1
22.83,9.34,1
22.15,7.46,1
34.14,4.99,0
8.02,9.5,0
73.34,6.65,1
20.55,7.75,1
41.95,7.62,0
7.18,6.33,1
14.06,6.03,0
8.17,4.91,1
41.28,6.2,0
19.13,4.34,1
16.96,5.52,1
67.25,7.96,1
39.91,8.76,0
33.85,7.31,1
29.56,6.59,1
36.55,7.19,1
50.4,7.34,1
2.94,4.3,1
21.98,7.46,1
24.34,8.58,0
38.18,8.43,1
22.74,6.45,1
50.89,6.52,1
50.76,7.72,0
61.17,1.35,0
61.69,5.31,0
41.66,2.8,0
1.62,6.01,0
52.54,6.15,0
17.49,10.0,1
12.81,8.7,1
65.77,4.67,1
61.57,8.62,1
60.43,5.64,0
19.53,6.91,0
8.68,4.27,0
45.42,3.96,0
45.33,6.55,0
10.07,3.12,0
4.6,6.99,0
29.97,6.17,0
16.9,5.65,1
36.44,5.1,0
60.61,6.57,1
33.8,4.28,0
42.76,5.88,1
37.66,9.4,1
43.53,3.99,0
50.24,9.02,0
61.43,7.2,1
21.96,7.88,1
8.53,4.94,0
58.49,5.37,1
50.21,5.06,1
29.23,9.05,0
29.86,7.64,1
44.28,4.95,0
11.54,7.24,0
36.97,8.74,0
40.62,6.91,0
20.36,8.9,0
44.34,8.26,1
14.58,2.68,0
27.53,4.24,1
25.26,6.06,0
47.3,7.24,1
17.69,9.04,1
63.37,7.98,0
42.13,10.0,1
47.36,6.29,1
2.02,5.18,1
41.33,6.56,1
40.73,6.09,1
6.45,7.18,1
41.15,4.96,0
18.98,5.89,1
20.57,4.69,1
11.61,10.0,1
12.76,7.45,0
33.62,9.09,1
15.89,7.26,0
23.32,4.63,0
77.41,3.49,1
39.47,9.35,0
32.58,2.76,0
39.33,8.63,0
75.51,5.51,0
9.63,6.24,0
60.21,5.93,0
23.11,5.59,1
37.98,8.67,1
43.98,3.76,0
30.6,4.35,0
49.3,5.02,0
37.59,6.57,0
5.72,5.3,0
4.07,5.95,0
34.06,5.82,1
46.48,4.57,0
3.65,7.59,1
25.78,5.78,0
43.93,7.98,1
48.09,7.14,1
23.25,8.04,0
23.29,5.81,0
30.07,5.88,0
1.93,7.48,1
1.27,6.35,0
27.82,6.5,1
30.13,8.82,0
37.58,6.8,0
14.61,5.2,1
45.32,7.83,1
7.15,6.29,0
52.73,7.55,1
16.6,3.73,0
26.55,8.77,0
20.35,8.69,0
44.63,8.06,1
8.96,10.0,0
23.4,6.55,0
23.73,6.46,0
40.56,9.87,1
3.07,9.59,0
23.03,4.6,1
5.37,8.71,1
91.47,5.48,0
37.93,8.64,0
18.69,6.92,1
13.15,9.23,1
21.19,3.98,1
34.34,10.0,1
59.45,7.45,1
0.88,8.59,0
30.13,8.88,1
70.32,5.26,0
33.2,10.0,1
23.87,5.85,0
35.1,8.38,0
43.9,5.65,0
55.84,10.0,0
65.46,7.45,0
31.0,9.11,1
42.87,5.57,0
16.47,6.36,1
49.21,8.88,1
16.52,8.15,1
48.12,7.15,0
18.9,6.6,0
24.14,10.0,1
42.17,5.74,0
30.52,6.75,1
3.83,8.35,0
22.94,10.0,1
65.66,6.72,1
20.92,8.57,0
36.31,3.22,0
36.93,6.66,0
26.53,3.78,0
40.74,5.45,0
29.39,6.05,1
6.4,7.57,0
43.69,2.73,1
6.17,9.31,1
46.48,4.26,1
34.88,7.42,0
60.8,6.45,1
24.53,10.0,1
13.69,7.64,1
34.29,6.92,0
47.8,5.61,1
1.9,5.84,0
21.6,7.43,1
54.62,6.21,1
43.6,9.03,0
49.7,4.74,1
35.59,7.72,1
25.03,9.22,0
27.48,5.81,0
53.75,5.78,1
55.05,7.33,1
90.25,6.44,0
31.84,7.09,1
35.1,10.0,1
37.89,6.26,0
56.88,6.69,0
64.36,5.43,0
10.43,8.7,1
4.33,8.43,1
47.4,7.94,0
56.08,4.87,1
53.07,7.32,0
4.74,6.82,0
20.56,7.57,0
45.88,4.04,1
31.61,8.64,1
24.37,7.9,1
32.64,7.29,1
42.91,9.48,1
9.83,7.33,0
47.57,4.46,0
55.91,6.73,0
40.32,4.25,0
57.62,4.5,1
24.01,10.0,0
33.47,6.09,1
42.39,6.41,0
25.49,6.51,1
18.79,5.64,0
1.9,6.99,1
61.7,4.85,0
31.93,5.82,0
28.07,7.8,0
4.26,9.95,0
23.53,9.52,1
82.91,8.45,1
7.5,5.93,0
41.58,8.02,1
41.02,4.96,1
11.43,8.99,0
25.88,7.88,1
19.95,6.68,1
2.93,6.97,0
38.98,4.24,1
23.23,5.67,1
68.04,5.68,1
13.26,8.86,1
61.59,8.24,1
18.64,8.99,1
13.25,9.07,1
62.73,7.32,0
17.2,4.71,1
15.34,7.89,1
32.15,7.74,1
16.95,8.01,1
43.56,5.8,1
10.86,10.0,0
37.34,5.84,1
17.32,6.93,0
10.57,5.72,0
51.3,7.77,0
20.86,7.06,0
45.63,6.71,1
50.56,1.9,0
38.5,8.74,1
28.71,6.8,1
39.76,3.11,0
10.54,6.77,1
31.76,5.49,0
4.79,8.11,0
38.64,4.38,0
1.79,4.78,0
33.12,7.39,1
45.32,4.79,0
39.12,7.23,1
3.99,9.03,0
7.79,8.01,1
8.45,7.82,1
25.56,10.0,1
20.54,4.0,0
56.8,6.67,0
43.5,4.36,1
48.45,8.59,0
61.68,4.25,0
40.4,10.0,1
33.33,10.0,1
33.54,7.1,0
35.96,3.47,1
44.88,6.67,1
31.67,7.53,0
31.52,6.81,0
25.64,6.96,0
2.74,10.0,1
5.79,8.59,1
30.12,6.22,1
15.05,10.0,1
49.71,9.08,1
41.8,8.28,0
17.7,5.66,0
1.82,6.27,1
21.93,6.26,1
37.99,9.07,1
50.8,5.64,0
54.97,7.28,0
2.54,7.12,1
15.82,7.23,0
57.27,6.62,0
55.14,5.13,1
56.21,7.16,0
56.68,8.31,0
36.74,7.43,0
42.6,9.69,0
6.05,4.41,0
6.5,7.8,1
15.63,10.0,1
25.04,6.95,0
27.6,10.0,1
44.88,5.18,1
22.98,7.98,0
10.01,7.0,0
22.8,9.08,1
3.66,5.17,0
26.82,8.07,0
29.97,3.48,0
17.77,5.49,0
44.83,5.7,0
20.39,9.14,0
59.58,5.41,0
23.91,8.05,1
33.86,10.0,1
83.45,8.73,1
62.82,10.0,1
69.8,7.73,0
51.63,9.86,0
2.52,7.04,0
29.83,6.22,0
32.66,9.92,1
29.21,4.81,0
32.34,6.61,0
17.49,8.13,0
52.07,6.14,1
46.62,9.44,1
43.67,6.9,0
20.86,8.16,1
40.63,3.36,0
1.26,6.12,0
37.13,7.9,0
0.3,5.8,1
42.24,5.78,0
43.64,7.61,1
45.71,8.75,1
8.17,9.53,1
26.51,5.46,1
10.83,10.0,1
39.39,8.65,1
15.0,8.62,0
31.59,7.56,1
19.94,9.87,1
34.93,5.28,1
14.57,10.0,0
1.51,5.38,0
23.64,4.65,1
3.1,8.75,0
33.99,6.24,0
48.88,7.14,1
32.79,5.69,0
21.42,9.45,1
38.25,4.58,0
4.42,7.57,0
6.68,10.0,1
12.17,5.49,0
46.06,6.26,0
53.58,10.0,1
31.79,9.0,0
29.62,7.1,1
37.17,7.93,0
38.76,7.35,0
21.63,7.67,1
39.66,6.11,0
21.5,8.79,1
16.34,8.99,1
38.1,4.95,0
34.02,8.07,0
34.69,4.36,0
0.81,10.0,1
47.65,3.77,1
18.04,7.29,1
23.92,8.58,0
28.06,6.39,1
58.97,3.03,1
26.96,9.4,1
36.56,9.29,0
0.1,8.81,1
15.61,8.32,0
40.84,5.51,0
25.16,8.17,1
29.36,7.38,1
24.75,4.39,0
36.47,6.67,0
16.33,5.77,0
23.64,3.49,1
28.4,4.69,1
59.38,10.0,1
0.75,8.5,0
62.7,10.0,1
52.86,6.03,1
27.0,5.76,1
43.55,5.71,1
20.75,6.63,0
44.94,7.65,0
0.89,2.47,0
38.21,5.65,1
32.86,7.61,1
26.34,6.93,1
35.85,7.29,0
25.53,5.05,0
44.84,4.77,0
17.32,10.0,1
21.76,7.32,1
8.14,6.79,0
72.88,4.81,0
61.77,4.83,0
49.13,4.41,1
28.98,7.03,0
36.18,6.39,1
27.68,7.61,0
51.49,8.9,0
5.77,7.88,0
81.87,6.23,1
39.14,7.04,0
34.6,7.86,0
16.78,7.15,1
57.1,5.96,0
57.98,6.32,0
17.66,5.36,1
52.85,5.68,0
37.68,3.79,0
80.57,7.29,0
31.16,8.24,1
3.64,9.17,1
40.39,5.91,0
25.87,7.87,0
3.24,8.34,1
59.57,4.56,0
27.83,6.72,1
36.3,6.19,1
22.13,10.0,1
47.08,6.35,0
66.78,6.64,0
79.29,7.52,0
3.29,10.0,1
48.83,3.45,0
38.21,5.49,0
66.01,6.56,1
33.49,6.43,1
19.79,9.63,1
25.46,4.99,0
20.92,6.38,1
51.98,9.23,1
22.54,7.9,1
49.4,6.08,1
24.39,9.29,0
6.89,8.63,0
37.47,8.33,0
35.26,7.06,0
24.92,6.51,0
56.39,5.88,1
44.46,8.52,1
56.14,8.98,0
20.67,5.96,1
17.41,6.9,1
2.07,7.03,1
3.97,5.75,1
51.78,5.87,0
3.36,8.44,0
38.53,6.61,0
7.19,6.52,1
35.77,10.0,1
10.09,7.06,0
16.35,6.96,1
17.88,6.77,1
9.39,8.11,0
23.35,9.09,1
25.71,10.0,1
58.72,8.22,1
10.11,10.0,0
9.77,7.36,0
44.14,4.69,1
30.7,8.08,0
11.86,7.47,0
38.08,8.85,1
63.39,4.12,0
42.01,8.24,1
29.77,7.49,1
8.1,4.42,1
25.89,7.57,0
23.36,6.42,0
46.69,5.89,1
39.94,10.0,1
34.59,6.2,1
14.71,4.69,1
57.1,9.6,0
4.08,6.59,0
44.06,6.49,1
17.68,8.6,1
40.22,4.81,1
33.1,7.25,0
35.32,9.89,0
42.44,6.7,0
13.42,8.38,1
23.38,8.87,0
39.23,6.53,0
29.13,3.35,0
43.89,8.29,1
14.51,4.62,0
76.02,4.69,0
19.23,5.89,0
59.39,2.05,1
15.76,8.62,1
28.65,7.23,1
25.47,7.55,0
45.12,6.03,1
43.88,4.17,0
18.16,10.0,1
58.61,6.52,0
41.4,4.38,0
24.73,9.21,1
14.16,8.44,0
26.87,8.16,1
42.24,6.09,1
35.43,8.0,1
52.5,8.29,1
31.81,5.52,0
10.54,6.77,0
29.3,6.55,1
51.02,7.74,0
34.46,5.98,1
70.9,6.38,1
30.89,6.61,0
31.81,9.66,0
25.98,6.85,1
57.51,6.88,1
21.69,4.74,1
28.92,4.79,1
60.47,9.6,1
37.82,9.72,1
33.9,9.93,0
41.48,5.93,0
51.76,5.44,1
18.37,6.39,1
48.26,7.63,1
21.85,6.03,0
38.52,7.85,0
57.21,7.65,1
35.72,5.36,1
1.5,8.75,0
45.77,4.69,1
20.43,4.63,1
2.44,7.29,0
28.12,7.3,1
66.52,9.34,1
31.76,7.2,0
0.76,4.56,0
38.89,8.21,1
22.64,5.89,0
40.4,4.73,0
43.86,7.07,0
40.72,6.2,0
4.18,7.5,1
60.14,9.08,1
28.22,4.92,0
18.7,9.07,1
37.25,7.16,1
15.3,7.45,1
9.82,9.94,0
39.81,6.92,1
28.74,5.92,1
46.58,10.0,1
18.57,7.75,0
34.45,6.97,0
45.49,2.1,0
7.63,8.33,1
7.08,2.69,0
47.1,8.57,0
20.22,6.07,1
0.57,8.05,0
30.7,6.74,0
25.34,10.0,1
12.87,5.23,1
5.54,5.48,1
52.18,6.24,1
62.06,5.37,0
58.13,10.0,1
43.92,4.25,0
7.43,8.79,1
22.35,8.03,1
29.08,7.19,0
52.34,5.87,0
26.02,5.32,1
4.24,7.88,1
34.01,5.77,1
36.13,8.15,1
8.9,8.02,0
51.13,7.05,1
44.48,6.78,1
34.45,5.53,0
10.32,7.27,0
13.05,7.26,0
21.07,6.73,1
18.24,7.76,1
47.98,7.36,1
10.75,8.86,0
43.97,4.22,0
39.59,4.94,0
67.78,9.41,1
23.98,7.77,0
11.02,8.32,1
19.53,6.59,0
12.97,5.55,0
41.5,5.47,0
18.28,4.37,0
20.81,8.63,1
17.28,6.89,0
39.51,8.33,0
25.23,10.0,1
55.69,4.58,1
36.83,7.51,0
16.53,8.57,0
27.8,8.79,1
33.95,1.36,0
22.27,6.49,0
46.29,10.0,1
30.4,5.15,0
7.86,5.27,1
8.59,8.18,1
60.33,6.68,1
30.09,5.88,0
10.8,7.53,1
15.22,10.0,1
19.26,5.71,0
24.1,7.48,0
1.28,7.86,0
19.19,7.3,1
33.95,8.67,1
40.54,2.71,1
42.74,4.95,1
2.75,4.88,1
3.33,9.31,1
39.0,1.6,0
23.5,7.0,1
54.42,7.51,0
30.82,5.2,0
48.81,5.99,1
29.65,4.43,1
24.65,6.87,0
47.79,7.01,0
8.34,9.39,1
53.27,9.39,0
30.26,4.36,0
23.68,9.52,1
68.84,5.0,1
36.62,7.67,0
31.18,7.66,1
7.12,10.0,1
38.52,9.71,1
37.0,6.05,1
36.03,6.96,0
21.43,5.71,1
37.43,6.88,0
31.02,7.0,0
35.56,8.35,1
44.62,5.96,1
15.61,4.38,1
40.49,6.59,0
46.27,8.9,1
36.27,7.95,1
20.91,8.3,1
53.63,7.1,0
32.79,6.22,1
44.28,4.12,0
13.8,9.48,1
39.86,7.99,1
28.95,4.91,1
11.77,5.59,0
15.07,9.25,1
23.0,4.66,0
18.0,8.29,1
34.75,4.75,0
49.87,6.16,0
45.34,5.72,0
89.38,8.53,1
22.34,5.76,0
26.63,7.65,1
7.73,8.18,1
30.72,9.82,1
11.22,6.04,0
28.01,10.0,1
2.54,7.58,1
27.38,10.0,1
36.04,5.09,1
23.73,8.01,0
19.58,8.43,1
39.7,5.31,0
33.3,4.96,0
27.11,3.74,1
11.06,10.0,1
7.25,7.99,0
21.84,6.03,0
40.12,5.15,0
70.03,5.99,0
31.43,5.21,1
69.53,5.96,1
33.12,7.52,1
21.86,7.14,1
33.9,7.36,1
38.19,6.09,0
41.32,6.33,1
39.7,8.34,1
43.28,4.5,1
22.2,7.65,1
16.99,10.0,0
19.66,2.07,0
2.67,10.0,1
45.39,6.24,0
21.32,8.24,1
17.36,8.28,1
2.21,6.12,0
36.77,5.34,0
45.43,7.47,1
37.63,2.66,0
43.96,5.07,1
42.11,6.15,1
62.41,5.63,1
19.18,4.74,1
21.7,6.72,0
41.33,4.63,1
38.7,5.24,0
10.02,7.34,0
9.41,8.86,0
13.52,9.61,1
41.23,6.94,0
43.4,7.79,1
81.77,7.84,1
24.47,10.0,1
50.29,7.05,1
59.56,6.21,1
10.39,4.07,1
24.14,7.08,1
21.33,8.87,1
55.87,9.02,0
27.19,7.55,0
52.03,6.07,0
0.4,8.77,1
62.78,7.3,1
49.94,7.66,1
29.36,6.79,0
57.27,6.19,1
53.87,1.97,0
0.62,8.07,1
18.81,9.75,0
51.03,7.86,1
54.86,7.59,1
37.32,7.48,1
46.36,4.74,1
57.64,6.38,1
39.8,3.09,0
51.88,9.7,0
41.72,5.56,1
38.48,6.9,0
56.45,8.77,1
2.68,8.04,0
76.09,4.64,0
25.42,7.95,1
9.24,5.36,0
15.19,9.13,1
51.47,3.81,0
64.48,4.99,0
42.59,5.26,0
10.7,8.36,0
4.99,6.26,0
39.6,4.63,0
27.97,10.0,1
45.77,1.78,0
51.99,4.42,1
20.44,10.0,1
46.53,6.4,1
37.81,6.44,0
33.69,6.94,0
38.9,7.1,0
47.95,8.68,0
3.76,8.97,0
0.72,7.77,0
61.26,5.45,0
28.45,5.41,1
44.25,8.65,0
20.37,6.71,1
31.76,8.02,0
46.86,8.51,1
49.17,5.27,0
12.29,9.06,1
56.21,9.2,0
64.77,6.55,1
30.12,4.67,0
60.9,7.84,0
38.98,8.98,1
36.53,8.28,0
22.38,5.09,1
44.51,5.52,0
40.26,8.36,1
10.91,4.43,0
3.85,10.0,0
44.9,4.5,0
32.03,8.26,1
29.83,5.01,0
9.32,6.36,1
48.02,7.91,0
10.13,7.86,0
46.01,5.19,0
44.94,4.74,0
19.18,7.6,1
9.16,5.98,0
48.55,8.01,1
17.64,10.0,1
29.41,6.06,1
72.72,8.07,0
49.74,7.96,1
21.09,5.79,1
31.68,6.91,0
54.6,8.76,0
4.2,7.25,0
36.86,5.23,0
9.8,8.99,1
56.42,8.3,1
4.29,7.15,0
25.92,8.14,0
30.14,7.64,1
37.73,8.3,1
0.03,8.15,1
37.83,5.23,1
53.18,5.63,0
10.63,2.98,0
15.82,9.23,1
4.72,6.77,1
0.14,8.63,1
12.48,8.26,0
27.2,8.84,1
2.65,7.68,0
15.3,3.72,0
19.69,2.83,0
48.48,6.32,1
23.63,6.51,1
23.69,6.1,0
22.37,6.34,1
53.02,8.04,0
9.24,7.53,0
4.96,4.74,0
22.93,9.44,1
57.5,6.39,0
15.28,7.12,1
19.52,9.63,0
60.08,6.17,1
2.75,7.62,0
49.12,7.84,0
66.85,6.23,1
76.47,6.5,0
28.61,8.24,1
17.64,7.23,0
70.57,3.63,0
54.47,8.77,0
8.91,5.19,0
17.62,6.05,0
57.25,9.41,1
20.68,7.61,0
15.1,7.01,0
52.83,8.95,0
59.07,5.8,0
56.96,5.59,0
34.19,7.8,1
26.29,5.7,1
21.19,10.0,1
24.87,9.93,1
43.39,7.76,0
61.86,3.34,0
30.85,5.58,0
23.97,9.47,1
74.74,5.62,0
47.13,4.59,1
16.29,10.0,1
16.78,8.95,1
28.53,7.97,1
23.14,8.27,1
25.48,5.71,1
24.33,4.64,0
34.9,6.38,1
32.71,5.85,1
34.76,4.46,0
52.78,7.61,0
38.18,5.83,0
6.15,4.24,0
8.11,9.46,1
36.1,7.89,0
35.79,8.39,0
43.99,3.65,0
36.37,6.17,1
17.3,4.72,0
33.01,5.59,0
20.09,10.0,1
17.89,6.97,1
23.12,7.1,0
50.24,4.92,0
16.06,9.64,1
57.0,6.62,0
55.35,7.17,0
10.8,9.36,0
51.18,8.63,1
24.52,5.58,0
24.99,9.13,1
34.01,5.75,0
44.52,1.92,1
43.0,8.6,1
28.43,5.41,0
19.31,4.65,0
3.78,6.81,1
28.5,5.24,0
18.24,10.0,0
15.99,5.9,0
17.36,7.35,1
8.95,7.77,1
48.02,1.45,0
1.51,10.0,0
49.64,5.75,0
7.13,7.44,0
21.85,5.54,0
51.64,6.5,1
41.36,7.16,0
45.65,5.21,0
29.9,5.17,0
33.57,5.56,1
12.36,7.82,1
19.11,7.82,0
21.99,7.76,1
9.74,8.07,1
7.32,6.6,1
32.81,6.37,0
44.34,10.0,0
59.49,7.81,1
3.77,3.82,0
29.87,8.74,0
23.41,7.15,0
19.64,6.36,0
43.76,3.92,0
48.08,9.32,1
6.0,5.43,0
14.42,6.71,1
39.55,9.97,0
19.25,10.0,0
12.98,5.94,1
44.56,4.98,0
17.3,7.3,1
37.79,8.89,0
9.9,7.55,0
19.6,6.26,1
51.13,3.13,0
11.23,9.33,1
45.38,2.95,0
5.14,4.39,0
32.99,5.57,0
45.72,10.0,1
65.15,4.53,0
5.25,2.66,0
16.38,8.42,1
47.7,7.23,0
14.47,7.35,1
34.22,7.68,1
18.31,7.49,1
18.23,5.98,0
39.12,8.08,0
30.25,4.92,0
54.59,5.76,1
35.33,6.28,0
35.8,10.0,0
25.63,9.17,1
3.96,7.58,1
51.03,5.49,0
4.89,6.87,0
54.64,7.5,0
5.91,10.0,0
29.1,7.88,1
39.62,7.04,1
36.93,7.51,0
57.93,5.0,0
38.99,4.45,0
7.11,9.03,0
39.06,8.09,0
14.98,6.5,1
29.24,8.55,0
63.4,8.52,1
30.07,4.5,0
28.58,8.99,1
25.2,2.56,0
18.72,10.0,1
24.56,6.82,0
44.06,6.23,0
36.29,6.44,0
4.62,10.0,1
21.67,7.63,1
35.24,7.8,1
34.0,5.32,0
8.71,7.42,0
44.43,4.87,0
39.42,8.27,0
20.39,7.79,1
4.77,3.76,1
43.06,10.0,1
65.56,3.6,0
16.17,7.95,1
33.68,9.39,1
25.32,8.71,1
72.06,7.49,0
21.08,7.39,0
11.51,6.75,1
9.81,6.61,0
46.58,5.94,0
5.94,10.0,1
23.66,7.17,0
14.53,10.0,1
62.86,5.32,0
24.17,5.54,0
46.95,4.34,0
33.88,9.02,0
32.19,6.6,0
47.85,5.32,1
23.77,6.84,1
56.36,7.24,0
49.65,9.07,0
54.04,7.94,1
36.35,10.0,0
7.32,3.14,0
15.42,7.84,1
61.86,7.95,0
49.43,5.61,1
50.0,7.07,1
23.0,5.33,1
34.8,8.49,1
66.65,5.81,0
25.71,8.94,1
35.7,4.31,0
42.21,4.07,0
21.44,5.31,1
51.91,6.14,0
16.35,6.71,1
18.03,5.87,1
46.15,6.06,0
10.8,6.02,0
40.75,6.98,1
14.54,7.19,0
35.58,10.0,1
30.96,6.58,1
21.15,8.98,0
53.39,5.62,1
3.82,7.19,0
7.27,5.83,0
25.15,8.26,0
25.01,7.11,1
40.06,4.59,1
14.86,6.15,0
62.24,2.57,0
10.89,8.63,1
36.44,8.9,1
28.49,10.0,0
43.54,9.83,1
38.2,6.34,0
24.02,2.62,0
12.35,5.1,0
20.19,6.49,0
33.02,7.15,1
14.38,8.21,1
14.54,10.0,1
16.65,7.06,0
33.65,6.26,0
28.96,6.12,1
3.23,5.37,1
12.75,4.69,0
58.68,7.07,0
33.05,3.4,0
28.71,7.12,1
14.66,5.16,0
36.15,4.32,0
15.52,10.0,1
50.41,10.0,1
40.36,5.65,0
29.09,3.94,1
33.12,7.45,0
37.65,6.53,1
1.36,6.92,0
20.59,3.44,1
56.25,3.51,0
3.33,7.62,0
56.54,5.27,1
16.65,8.27,1
14.97,8.3,0
2.21,8.69,0
7.83,6.69,0
28.49,6.45,1
37.99,6.96,0
32.64,5.28,0
0.75,9.44,0
53.7,8.4,1
38.64,5.76,0
37.83,7.17,0
30.9,5.88,1
19.97,6.52,0
39.15,6.47,0
2.77,7.2,0
44.32,5.38,1
37.22,5.63,0
22.08,4.82,0
35.82,7.36,0
22.77,10.0,0
49.75,8.49,0
28.24,4.5,1
17.68,9.67,1
50.9,6.13,0
65.58,6.3,0
8.75,5.07,0
35.11,6.12,1
19.57,6.06,1
38.87,8.72,1
52.51,3.55,0
52.63,5.68,0
66.59,4.53,0
34.52,7.6,1
27.92,8.41,1
0.54,10.0,1
7.21,2.47,0
52.05,7.56,0
32.55,4.56,0
67.68,8.83,1
20.27,6.98,1
25.32,9.67,1
1.75,8.48,1
53.26,6.27,1
49.92,3.83,0
12.81,6.38,0
12.71,6.04,1
31.28,5.3,1
0.06,8.76,1
6.38,5.2,0
34.27,7.56,1
17.78,7.89,0
39.02,6.18,1
32.07,6.4,1
29.97,8.27,0
28.97,7.37,0
33.46,6.41,0
16.01,7.15,1
12.56,10.0,1
34.81,7.41,0
32.08,7.28,1
35.65,5.19,0
1.55,5.06,0
29.42,7.43,0
1.13,8.73,0
43.21,5.99,0
29.81,10.0,1
18.93,7.33,0
39.48,7.67,1
70.59,6.97,1
21.83,9.08,1
50.95,6.4,0
30.89,6.14,1
19.42,6.78,0
50.89,5.28,0
0.22,7.03,0
32.6,6.17,0
27.75,5.95,0
8.5,6.3,0
6.62,7.77,1
6.79,8.77,1
13.49,8.44,0
54.68,6.27,0
43.91,9.14,1
35.99,4.26,1
49.05,7.98,0
43.53,7.57,0
52.37,4.56,0
32.19,8.83,1
43.73,4.49,1
53.25,6.54,0
27.75,9.16,1
32.19,4.37,0
31.67,3.91,0
43.1,9.74,1
25.92,6.99,0
2.83,6.49,1
17.61,9.48,0
51.73,5.81,0
36.28,5.55,0
12.68,5.61,0
33.11,4.36,0
62.72,0.64,0
6.77,5.15,1
4.34,6.41,1
51.31,7.01,1
34.31,7.66,1
33.88,7.93,0
40.07,8.98,0
28.83,5.73,0
2.48,5.64,1
44.15,9.15,1
3.74,7.24,0
28.68,7.03,1
28.33,10.0,1
38.03,6.43,1
36.25,6.37,0
29.26,7.76,1
10.21,10.0,1
18.86,3.84,0
60.29,1.8,0
6.1,4.71,0
18.06,5.86,1
44.76,5.94,0
32.09,7.55,1
12.09,3.26,0
27.22,9.33,1
26.67,7.0,1
30.05,5.22,0
18.59,8.56,0
49.75,4.53,0
22.01,5.09,1
76.28,8.25,1
55.86,5.1,0
40.65,8.52,1
46.04,6.78,1
30.57,6.25,1
35.1,4.73,1
37.95,8.4,1
13.9,6.62,1
38.88,7.13,1
48.16,6.0,0
17.4,5.58,1
39.35,6.62,0
0.81,10.0,0
45.15,3.74,0
35.34,10.0,0
13.94,7.71,1
12.81,6.6,0
6.44,7.16,0
73.91,7.01,1
44.33,8.16,0
16.42,5.99,0
64.9,7.22,1
20.24,9.21,1
35.77,9.78,1
35.73,9.13,1
63.91,6.2,0
30.98,5.6,1
62.44,6.36,1
11.72,9.21,1
31.85,7.99,0
5.55,9.5,0
37.87,8.1,1
56.24,4.82,0
14.6,5.76,1
63.55,6.62,1
22.14,4.85,0
35.67,8.86,0
40.58,5.94,0
16.03,10.0,1
40.06,8.16,1
2.54,7.63,1
61.57,5.79,1
29.73,5.6,1
31.68,7.23,1
21.54,6.59,1
28.9,7.53,0
31.09,6.45,1
20.08,7.81,0
66.17,6.0,1
11.02,7.79,1
18.32,5.71,0
26.79,6.92,0
19.67,6.54,0
17.58,7.14,0
25.49,4.86,1
2.23,9.37,0
38.11,8.99,0
8.61,7.58,0
33.14,4.83,0
25.57,5.76,1
43.33,7.08,0
32.52,6.51,1
18.05,8.55,0
28.2,5.8,0
75.94,8.3,1
15.88,6.84,0
11.33,7.81,0
13.36,8.57,1
41.82,4.43,0
6.17,3.17,0
36.87,9.45,0
58.15,6.93,0
20.61,6.42,0
23.55,9.12,1
48.3,5.45,0
34.3,7.96,0
38.4,9.35,0
15.73,3.92,0
14.77,10.0,1
7.36,8.85,0
22.11,10.0,0
32.58,6.41,0
12.95,6.8,1
44.59,6.1,0
29.47,9.53,1
10.48,6.41,1
13.92,8.4,1
1.39,6.93,0
22.57,7.85,0
19.44,8.58,1
58.52,5.05,1
25.83,9.18,1
20.61,5.77,1
57.03,5.88,0
47.68,9.17,1
26.44,6.18,0
50.74,8.82,0
3.52,10.0,1
39.52,8.64,1
11.04,7.35,0
7.87,7.95,0
24.5,7.93,1
18.81,4.98,0
12.72,9.28,1
52.28,5.71,0
41.84,7.91,1
6.0,9.79,1
41.81,8.73,0
60.16,4.92,1
52.64,4.25,0
10.59,8.56,1
56.49,9.46,1
9.33,6.87,1
46.56,6.55,0
25.55,5.19,0
36.56,6.71,0
37.13,8.46,0
44.6,8.42,1
6.79,6.42,0
28.65,9.13,0
28.88,5.19,0
65.43,6.06,0
9.22,8.78,1
38.64,7.21,1
29.67,6.9,0
52.82,6.96,1
39.19,6.88,0
31.28,6.24,1
40.66,4.14,0
6.35,9.52,1
36.58,2.98,0
53.9,5.73,1
23.65,8.42,1
49.66,5.01,1
19.38,8.12,1
50.98,5.63,1
73.48,3.62,0
19.35,7.4,1
8.25,7.7,1
10.7,6.93,1
22.32,5.63,0
37.9,5.13,0
58.37,6.12,1
12.23,10.0,1
48.94,8.16,1
38.85,4.41,1
44.04,7.99,1
41.41,7.84,1
32.39,6.29,0
44.02,4.39,1
15.01,5.46,0
47.6,5.64,1
51.8,7.26,1
43.2,5.75,0
21.89,7.11,0
39.49,6.65,0
35.6,8.72,1
16.36,8.94,1
20.73,6.85,1
12.78,10.0,0
5.74,10.0,1
64.36,4.9,0
3.51,4.61,1
6.64,7.85,1
18.8,10.0,1
9.3,10.0,0
46.24,6.05,0
7.54,9.49,1
23.37,7.84,0
24.97,5.69,1
28.06,8.77,1
41.13,3.91,0
6.07,6.5,0
56.28,8.0,0
4.6,7.66,1
26.91,7.32,1
1.16,7.94,0
28.13,7.24,0
25.33,6.85,1
2.9,8.66,1
7.0,9.72,0
32.37,6.61,1
43.48,4.75,1
12.81,10.0,1
39.14,7.96,0
77.48,2.17,0
7.66,10.0,1
51.79,1.43,1
33.38,4.77,1
37.92,4.97,1
0.41,9.03,1
57.54,6.4,1
17.19,7.81,0
34.45,7.09,0
45.98,6.27,1
33.14,7.5,1
51.45,8.47,1
39.23,1.79,0
12.9,9.53,1
8.74,6.33,0
24.11,7.39,1
18.73,6.72,0
25.8,6.08,0
42.92,5.96,1
14.21,6.46,0
5.94,5.76,0
11.54,3.54,1
71.58,3.24,1
70.69,3.12,1
22.06,3.04,0
39.2,9.11,1
29.29,5.94,0
31.66,8.17,1
17.39,6.32,0
22.61,5.04,1
29.54,3.44,0
6.87,7.54,1
17.67,7.33,0
15.37,8.67,1
11.89,7.97,1
5.62,6.6,0
40.44,4.83,1
36.44,9.01,1
44.81,5.56,0
65.17,7.15,1
49.7,6.65,1
0.58,8.85,0
21.44,9.01,1
36.12,6.0,0
4.06,9.36,1
22.44,2.93,0
26.28,8.92,0
44.22,5.51,0
6.48,8.37,0
44.0,4.81,0
55.26,4.59,0
40.59,8.05,0
32.11,9.95,1
22.0,7.39,1
63.64,6.68,1
41.02,7.3,0
35.88,5.22,1
52.44,4.26,0
55.44,8.34,1
9.43,4.1,1
50.83,10.0,1
45.75,8.02,1
33.22,6.64,0
29.51,6.4,0
34.83,7.33,0
42.39,5.92,1
48.69,6.17,0
28.18,8.56,0
35.72,8.19,1
24.6,7.68,0
3.62,6.2,0
23.77,4.92,0
26.65,2.76,1
56.96,9.42,1
8.96,9.57,1
37.18,4.32,0
31.55,5.69,0
43.38,7.6,1
70.95,5.01,1
42.89,5.24,1
37.62,8.25,0
37.47,5.23,1
8.21,6.86,0
11.41,8.63,0
15.8,9.83,0
37.13,9.09,0
80.41,7.69,0
10.72,10.0,1
13.4,9.71,1
1.61,7.17,1
44.57,5.17,1
3.88,10.0,1
23.12,6.35,1
5.79,7.96,1
46.36,6.41,1
0.52,7.78,1
13.04,6.65,0
22.7,8.54,0
44.58,8.15,1
40.46,6.56,1
37.2,8.42,1
83.35,6.9,0
42.78,7.67,0
24.35,2.83,0
51.48,4.63,1
0.22,7.46,0
31.19,3.91,1
3.8,8.49,1
33.84,5.74,0
15.87,4.78,0
41.76,7.51,0
61.35,5.33,0
5.77,7.35,1
3.62,5.13,0
19.94,7.9,0
7.69,6.05,0
57.05,4.73,0
46.24,6.31,1
8.16,7.55,1
18.82,8.0,1
20.03,2.95,0
50.43,3.14,0
16.03,3.72,0
56.08,8.13,0
27.11,5.0,0
34.3,6.4,0
36.51,6.86,0
28.17,6.36,1
32.9,5.5,0
25.38,7.66,1
40.54,7.18,1
27.86,5.24,1
3.59,6.44,0
7.51,7.17,1
29.59,10.0,1
5.69,7.89,1
16.97,8.65,1
26.12,2.57,1
12.28,5.9,0
23.29,9.27,1
62.58,8.32,1
47.2,8.57,1
1.93,7.17,0
10.46,7.3,1
44.48,7.5,0
3.82,9.5,1
22.5,9.32,1
79.44,5.56,1
47.12,7.3,1
67.92,6.29,1
25.83,4.37,1
5.74,5.71,0
13.39,6.35,0
28.66,9.33,1
11.2,6.85,0
14.53,7.67,1
34.18,7.74,1
40.08,9.02,1
6.22,8.32,1
6.06,10.0,1
38.72,6.22,1
32.01,2.67,1
10.31,8.95,1
3.64,8.04,1
44.39,3.61,0
59.91,8.2,0
31.04,7.61,0
45.92,3.34,1
66.98,4.0,0
43.31,2.86,0
20.52,6.29,0
21.44,4.86,0
6.66,7.52,1
41.99,5.83,1
2.85,9.07,1
9.3,5.59,0
27.13,9.97,1
40.41,9.55,1
24.24,5.29,1
46.21,6.75,1
36.82,5.43,0
31.13,6.3,0
11.66,8.16,1
40.95,4.99,0
12.26,8.2,1
34.42,6.39,0
14.9,9.43,1
1.48,9.77,1
31.4,6.15,0
31.53,8.98,1
41.32,4.83,0
41.38,6.57,0
19.29,6.0,0
24.14,7.38,0
6.52,10.0,0
42.9,5.07,0
32.36,3.52,0
19.04,7.45,0
31.57,5.52,0
30.3,7.64,1
6.72,9.55,0
25.52,4.21,0
25.21,9.69,1
41.45,6.9,0
20.99,7.2,0
7.93,6.49,0
5.16,7.56,1
10.57,5.63,0
52.77,4.7,1
72.3,7.07,1
49.75,9.21,0
3.08,8.14,1
41.5,9.21,1
26.97,4.16,1
63.97,6.33,0
46.97,6.86,1
22.15,7.81,1
29.34,7.98,0
10.23,9.3,1
9.67,6.29,1
53.33,6.48,0
24.84,10.0,1
22.28,2.94,1
37.19,5.01,1
50.37,4.54,0
21.21,9.71,1
28.5,5.63,0
45.68,7.49,1
55.41,4.03,0
57.6,7.55,0
9.69,9.45,0
25.21,4.65,0
69.17,2.9,1
19.63,7.94,1
21.54,6.68,0
17.03,9.34,0
41.4,6.04,0
46.78,6.69,0
24.76,7.23,0
39.66,4.81,0
71.59,5.7,1
46.35,8.88,0
25.84,3.26,0
20.51,8.53,1
64.25,6.68,0
39.53,1.42,0
23.37,5.76,0
76.47,4.3,0
42.96,9.3,0
18.34,5.91,0
38.31,8.25,0
40.63,9.45,1
24.96,6.34,0
11.48,6.92,1
10.88,8.51,0
60.77,10.0,1
43.53,7.67,1
67.71,4.92,1
13.81,6.26,0
41.81,6.31,1
54.95,8.88,1
26.2,5.88,1
17.82,4.89,0
39.13,4.44,0
60.17,8.79,0
30.04,8.61,0
11.27,5.56,1
69.0,5.78,0
22.74,9.06,0
24.85,7.92,0
24.08,6.34,0
27.9,8.19,0
28.12,4.45,0
58.18,5.52,1
33.51,6.92,0
33.92,6.18,0
41.11,6.47,0
39.32,6.42,0
29.98,6.68,0
4.65,8.12,0
6.82,5.84,1
17.23,8.6,0
58.86,3.83,0
27.02,10.0,1
14.94,5.43,0
26.28,7.0,1
1.03,7.38,1
53.94,6.33,0
29.02,8.43,1
3.07,6.33,0
16.65,9.36,1
33.75,6.65,1
17.7,9.61,1
40.87,5.96,1
17.31,5.49,1
45.9,5.48,0
12.97,10.0,1
6.51,8.43,0
9.42,10.0,1
21.94,6.61,1
25.86,4.66,0
45.22,7.38,0
74.56,3.66,1
7.63,4.43,1
50.2,6.46,0
41.85,6.41,0
44.25,5.99,0
29.37,6.9,1
37.46,6.65,1
13.0,8.29,0
62.46,10.0,1
42.48,4.36,0
5.18,10.0,0
44.97,4.53,0
62.88,4.8,0
9.16,8.23,1
26.46,7.71,1
16.39,7.81,1
7.63,6.5,0
48.71,8.31,1
49.62,5.92,0
19.2,10.0,0
31.21,6.41,1
10.89,7.87,0
31.62,7.28,0
56.65,5.97,0
37.11,6.61,0
40.27,6.6,0
57.19,8.84,1
57.53,6.24,0
22.04,7.07,1
43.63,6.49,1
35.01,4.56,1
21.28,9.41,0
14.58,9.59,0
14.01,5.19,0
25.09,5.92,0
19.55,7.5,1
54.31,3.28,0
0.16,9.51,1
45.29,8.26,1
9.66,5.15,0
8.15,7.36,1
32.45,3.59,1
19.52,8.46,1
18.49,8.48,0
30.03,9.64,1
16.56,9.54,1
46.25,5.66,0
0.92,8.06,0
26.02,4.83,1
49.0,4.69,1
21.61,6.94,0
0.46,10.0,1
17.14,8.39,1
13.4,9.46,1
33.09,5.65,0
38.42,9.28,0
21.04,8.73,1
18.33,9.18,1
50.3,5.26,0
1.27,8.23,0
43.05,6.8,1
38.4,4.16,0
55.64,6.77,0
55.18,5.0,0
20.1,8.54,1
32.81,7.43,1
23.96,5.1,0
30.2,4.22,1
17.7,5.14,1
30.67,9.24,1
20.38,7.89,1
6.15,6.93,0
18.62,8.49,1
37.67,6.7,1
15.14,7.21,1
3.31,10.0,0
24.07,8.83,0
27.35,5.85,0
55.6,3.19,1
48.21,6.02,1
34.78,4.96,0
20.0,10.0,1
13.62,6.7,0
32.08,9.31,1
35.64,7.85,0
19.75,7.46,1
5.12,3.46,0
6.11,8.04,1
24.7,7.41,0
19.22,6.7,0
28.49,6.01,0
43.77,4.04,0
18.84,8.18,1
36.34,9.72,1
19.36,7.51,1
43.73,8.79,1
10.67,6.34,0
51.18,5.21,0
18.71,4.44,1
40.61,1.67,0
10.81,5.05,0
52.56,6.46,1
36.4,8.71,1
13.24,5.77,0
21.91,5.26,0
10.7,8.53,1
14.52,8.0,1
1.36,5.06,0
18.08,7.27,1
66.84,5.53,0
3.55,7.43,1
51.05,6.96,0
24.06,6.69,1
21.3,7.65,0
44.36,5.44,0
19.68,3.24,1
44.82,4.56,1
18.48,8.49,0
19.59,5.04,0
38.12,6.05,0
4.54,7.93,1
35.08,6.75,0
2.24,8.33,0
11.04,4.88,0
42.66,8.51,1
52.44,6.59,0
37.26,9.01,0
22.77,9.06,1
35.25,7.5,0
1.27,8.38,1
30.1,7.46,1
45.21,9.26,1
48.4,6.48,0
40.31,2.59,0
32.08,6.28,0
3.25,5.95,0
20.47,9.07,1
30.4,6.86,1
36.53,7.07,0
24.53,10.0,1
18.12,3.52,0
53.15,8.9,1
17.33,4.49,0
60.6,7.93,1
19.29,7.82,0
48.76,9.12,1
45.11,5.24,0
48.97,5.62,0
43.42,6.23,0
30.54,7.53,0
0.39,7.59,0
24.86,6.08,1
71.59,9.63,1
21.94,7.03,1
37.45,5.9,0
61.14,6.87,0
25.95,5.46,0
21.41,9.12,1
66.94,7.13,0
63.37,5.26,0
40.47,8.2,1
32.13,9.2,1
12.2,6.54,1
44.58,7.08,0
34.32,2.73,1
37.51,9.09,0
28.25,8.59,1
21.9,10.0,1
55.79,8.08,1
45.47,7.82,0
23.97,8.89,0
15.22,4.97,0
27.83,6.35,0
12.48,10.0,1
35.14,4.27,0
69.66,4.64,0
28.89,10.0,1
37.55,7.69,1
64.7,6.22,1
40.36,6.4,0
48.1,6.58,1
4.93,5.16,0
52.86,5.93,1
48.64,9.33,0
54.66,6.07,0
17.37,6.05,0
30.0,7.49,0
36.53,7.62,0
8.56,6.22,1
13.79,6.14,0
18.87,8.23,0
7.05,7.8,1
8.8,6.85,1
46.09,7.07,0
8.96,8.58,1
27.27,7.85,0
34.98,9.54,1
6.03,7.58,1
15.79,3.63,0
25.03,8.09,0
68.89,6.46,0
53.98,10.0,0
18.99,10.0,1
80.06,7.51,1
5.83,6.01,0
51.56,9.15,1
48.61,6.51,0
15.23,7.92,0
32.68,10.0,1
0.63,9.85,1
13.16,7.02,1
23.46,3.26,0
7.45,8.59,1
34.58,6.39,0
48.43,5.79,1
38.92,7.47,1
30.7,10.0,1
61.23,8.75,1
35.16,7.7,1
11.18,9.2,0
35.23,10.0,1
65.13,2.85,0
32.82,7.87,0
16.1,2.52,0
14.58,7.01,1
32.57,6.06,1
8.39,7.79,0
66.56,7.47,0
0.54,7.97,1
7.19,4.98,1
16.89,5.49,0
15.84,9.85,0
16.36,3.95,1
25.83,6.14,0
37.05,10.0,1
37.09,5.76,1
44.09,6.59,0
20.57,9.13,0
34.81,8.82,0
49.19,6.45,0
15.57,9.29,1
44.51,7.24,0
33.41,7.98,0
65.76,8.76,1
30.18,6.82,0
31.35,6.05,0
0.85,8.52,1
19.34,9.49,1
30.05,7.38,0
13.41,7.19,0
63.64,10.0,1
27.9,6.13,1
21.42,6.23,0
5.27,7.18,1
67.66,3.06,0
4.0,6.53,0
36.0,6.49,0
24.61,6.21,0
52.99,6.94,1
22.55,8.29,1
29.05,7.51,1
0.54,9.38,1
28.36,7.65,1
17.3,10.0,1
26.3,6.84,0
2.12,5.69,0
22.04,3.37,0
8.14,7.23,0
18.95,4.52,1
0.16,5.94,0
22.63,7.53,1
43.88,2.77,0
45.49,6.83,1
20.61,5.58,0
52.7,5.15,1
35.04,7.04,0
61.74,8.01,0
22.48,7.93,0
6.78,9.36,1
44.95,6.04,0
20.91,8.04,0
6.96,6.02,1
56.15,7.44,1
32.06,6.31,1
61.27,4.37,0
18.53,9.32,0
20.62,10.0,1
16.49,5.21,1
25.61,10.0,1
37.79,7.69,1
3.39,8.2,1
45.2,4.23,1
35.22,5.52,0
37.69,8.58,1
49.69,7.02,1
19.68,7.12,0
10.91,4.68,0
42.84,5.23,1
29.23,9.49,1
39.59,3.11,1
55.87,8.15,1
18.67,5.92,0
21.06,5.07,1
49.37,6.81,0
9.6,9.54,1
33.33,6.83,1
29.28,7.03,1
30.37,4.46,0
44.02,7.37,1
25.14,4.1,0
83.85,3.93,0
23.56,7.78,0
26.94,6.68,0
34.45,3.71,0
39.52,7.33,1
29.65,9.19,1
73.21,10.0,1
21.25,7.45,1
23.28,5.93,0
49.68,5.07,0
24.02,10.0,0
20.81,4.92,0
31.51,10.0,1
33.53,4.67,1
57.76,10.0,1
31.63,8.36,1
32.45,7.9,1
48.13,5.87,1
37.65,9.06,0
40.36,5.26,0
33.93,5.37,1
56.0,5.98,0
1.75,6.92,1
1.44,6.41,1
1.87,7.71,1
25.36,5.36,0
32.34,5.35,1
12.78,10.0,1
29.17,6.97,0
5.39,9.02,0
31.0,9.39,1
67.74,6.4,1
19.43,7.2,0
15.18,8.76,1
35.19,5.16,0
44.71,5.46,0
10.43,7.17,0
9.3,4.33,0
42.13,9.73,1
7.11,9.64,0
24.59,5.58,0
41.76,3.95,0
17.89,5.62,1
41.03,5.21,1
32.25,5.01,0
23.45,6.44,1
32.05,5.32,0
19.79,4.84,0
30.02,8.06,0
44.97,8.68,1
21.31,9.28,1
39.09,6.46,1
20.15,8.53,1
20.42,8.87,1
27.75,8.7,1
3.73,9.37,1
43.05,3.52,0
61.39,10.0,1
64.82,6.13,0
20.65,10.0,0
37.36,6.37,0
4.93,8.58,1
25.58,7.5,1
54.42,10.0,1
22.84,7.97,1
54.18,8.07,1
11.26,5.84,1
29.15,7.67,0
72.4,7.52,1
23.49,7.89,1
33.7,5.31,1
25.76,5.82,1
37.84,4.4,0
21.5,5.99,0
53.42,8.1,0
16.82,8.64,0
48.29,5.62,0
52.24,7.14,0
31.42,8.91,1
37.71,6.21,1
22.13,10.0,1
29.01,2.71,1
32.88,6.17,1
12.56,6.41,1
7.67,5.3,1
7.44,10.0,1
24.86,6.78,1
46.97,7.31,1
48.18,4.25,0
1.67,5.92,0
22.73,5.1,1
26.41,2.48,1
70.38,6.83,0
19.61,6.98,0
54.3,6.76,1
54.34,8.51,0
1.84,8.84,1
13.26,5.32,1
4.43,8.58,0
26.05,9.01,1
39.25,4.52,0
18.47,2.42,1
15.59,5.42,1
58.9,6.1,1
46.55,8.66,0
61.68,5.87,0
22.96,8.4,1
44.67,2.91,0
43.23,4.92,0
49.35,8.75,1
8.59,5.32,1
18.53,6.75,0
3.12,8.34,1
52.02,8.54,1
77.3,6.48,0
13.57,6.48,0
12.08,6.22,0
34.92,4.86,1
0.35,6.63,1
22.71,5.24,0
62.52,4.75,0
34.48,6.74,1
37.45,7.35,0
22.13,9.47,1
82.77,2.05,0
33.59,8.62,1
27.91,6.67,0
8.17,3.29,1
17.49,2.6,0
1.4,9.08,0
9.67,6.42,0
55.69,4.87,1
57.61,6.3,1
40.16,6.9,0
35.64,5.24,0
27.54,4.04,0
22.78,5.22,0
25.88,4.79,1
58.03,6.51,1
24.69,5.74,0
62.44,6.13,1
46.04,6.85,1
66.28,8.26,1
15.28,5.24,0
28.69,6.55,1
45.51,7.27,1
57.65,8.06,0
52.14,5.46,0
14.75,8.36,1
8.49,5.17,0
10.35,4.32,0
14.56,7.2,0
47.08,10.0,1
53.0,8.92,0
33.15,7.76,0
16.94,4.45,0
24.67,8.35,1
18.15,4.23,0
51.46,6.59,0
23.55,9.1,0
57.03,4.84,0
37.84,7.27,0
43.21,5.57,1
31.86,8.11,0
17.46,7.82,1
63.14,8.22,1
2.21,7.57,1
54.23,0.23,0
51.86,4.49,0
43.73,6.17,1
31.39,5.76,1
25.31,6.56,0
50.16,8.31,1
76.0,5.73,1
39.45,9.73,1
17.02,4.78,1
41.2,8.67,1
23.36,9.58,1
63.54,5.3,0
9.88,10.0,1
53.48,4.64,0
28.15,8.71,0
6.85,7.26,0
23.8,6.73,0
57.09,4.52,1
42.74,9.04,1
15.64,5.88,0
49.18,8.07,0
23.46,5.76,0
3.02,8.86,1
21.5,10.0,1
41.36,7.52,1
21.26,4.81,0
21.32,7.21,1
7.57,8.8,1
34.24,6.28,1
42.2,8.27,1
25.91,5.75,0
56.33,3.19,0
11.83,6.59,0
42.65,5.64,0
8.24,5.8,1
42.74,6.29,1
10.08,7.79,1
22.58,6.63,1
18.7,8.93,1
67.0,4.35,0
49.98,3.55,0
11.9,10.0,1
16.42,6.2,1
20.56,5.62,0
29.29,8.49,1
7.81,10.0,1
44.08,5.16,0
37.97,4.19,0
20.24,9.5,1
13.49,7.31,1
19.65,5.5,1
66.22,7.47,0
64.54,9.5,1
17.29,2.85,0
17.23,9.36,1
62.61,4.36,0
30.58,4.14,0
62.82,5.96,1
58.59,10.0,0
53.97,8.22,0
34.85,7.1,1
11.89,9.35,1
62.59,3.4,1
39.67,2.13,0
43.12,5.43,0
30.22,9.29,1
1.88,5.33,0
12.67,7.64,0
3.26,3.22,0
25.94,7.3,1
30.11,9.92,1
54.88,6.74,1
25.39,10.0,0
30.19,5.95,1
58.38,5.88,1
38.76,8.74,1
49.89,4.05,1
41.63,4.08,1
14.22,10.0,1
36.57,7.49,1
32.59,7.02,1
33.5,1.16,1
45.97,4.63,0
47.83,7.76,0
31.91,5.77,0
20.47,8.59,1
72.84,5.29,1
31.0,6.02,0
33.61,7.52,0
68.35,5.82,0
9.99,8.52,1
53.52,4.95,0
36.17,7.02,1
63.9,9.06,0
8.09,4.99,0
41.49,8.42,1
53.2,7.2,1
3.88,9.42,1
43.08,7.92,0
45.36,10.0,1
35.38,7.43,0
17.62,8.25,0
19.82,10.0,1
76.65,7.39,1
5.55,7.34,1
55.26,9.25,1
78.98,1.94,0
36.24,8.28,1
32.34,10.0,1
25.77,5.38,0
20.01,7.68,1
26.56,6.47,0
0.77,4.35,0
8.22,5.37,0
23.51,5.98,1
13.77,10.0,1
13.91,8.95,1
3.7,7.01,0
12.4,2.42,0
32.33,6.58,1
7.84,7.82,1
74.91,3.87,1
26.29,6.12,0
13.56,6.29,0
25.81,7.2,0
58.86,1.95,0
22.7,10.0,0
38.5,7.07,0
50.28,7.76,1
48.48,4.92,0
40.67,8.86,0
48.45,5.3,0
51.48,3.85,0
29.14,7.53,0
52.1,4.0,0
41.9,8.7,1
31.39,8.76,0
54.6,2.92,0
39.11,7.45,0
13.36,6.95,1
8.07,9.41,1
10.45,5.47,0
8.05,7.69,1
36.77,10.0,1
39.48,6.52,0
39.87,4.72,1
17.4,9.14,0
33.85,4.22,0
14.04,10.0,1
41.49,4.36,1
5.8,3.18,0
24.87,4.38,0
24.65,7.06,0
18.79,8.62,0
72.74,6.17,0
5.11,8.39,1
4.6,8.95,1
19.15,9.05,0
0.28,5.89,1
49.6,6.12,0
25.74,6.68,0
65.39,6.85,0
15.61,7.12,1
42.93,7.36,1
21.57,8.01,0
34.1,6.56,0
19.74,8.3,1
54.37,4.22,0
1.66,9.61,0
13.5,8.64,1
63.29,6.64,0
54.61,8.25,1
8.5,7.52,1
25.36,7.88,1
17.12,7.33,1
49.95,5.98,1
56.29,8.39,1
26.23,7.62,1
29.44,5.46,0
4.85,10.0,1
44.66,3.37,1
36.3,9.21,0
27.82,5.65,0
3.78,8.99,0
24.92,9.28,1
62.2,7.12,0
39.59,5.1,1
45.17,5.27,1
39.93,9.04,1
50.25,3.91,0
20.46,8.23,1
33.81,8.16,1
46.48,7.15,1
14.55,5.23,0
40.3,7.52,1
52.5,5.56,1
40.29,7.39,0
23.82,6.09,0
8.54,6.15,0
44.41,7.28,1
68.04,6.81,0
45.85,6.9,1
36.19,4.29,1
8.64,5.12,1
34.46,4.39,0
2.07,9.06,0
1.9,4.73,1
18.25,5.64,0
45.99,7.08,0
28.45,9.69,1
23.7,5.59,0
54.34,6.98,1
26.85,5.78,1
1.99,6.48,1
13.84,5.61,0
81.01,5.3,0
39.48,3.63,0
5.46,10.0,1
72.38,7.03,0
37.27,10.0,0
15.55,9.37,1
65.54,6.83,0
22.85,8.99,1
28.74,6.48,1
2.64,8.83,0
48.99,9.75,1
16.43,7.39,0
15.9,7.34,1
37.55,8.86,1
47.81,6.66,1
8.13,8.12,0
36.09,6.79,0
7.08,10.0,1
5.5,10.0,1
58.82,4.79,0
53.96,10.0,0
35.41,9.75,0
15.08,10.0,0
58.47,7.43,0
40.12,8.32,1
11.46,9.0,1
31.93,3.82,0
2.51,10.0,1
37.98,5.26,0
0.62,6.48,0
17.91,6.41,0
22.36,6.47,0
8.31,5.27,1
17.79,8.97,0
24.16,9.37,1
49.99,6.35,1
54.02,8.0,1
1.1,5.72,1
17.39,7.88,1
54.01,4.49,0
11.36,9.14,1
13.96,6.32,1
36.09,10.0,1
20.59,9.72,1
2.33,6.78,1
50.87,6.23,0
43.24,8.03,0
34.76,7.43,1
44.73,4.99,1
0.11,10.0,0
25.67,10.0,1
37.73,7.03,1
31.14,7.95,1
52.16,5.43,0
28.18,8.58,1
23.38,10.0,1
43.24,2.98,0
21.67,7.69,0
6.93,6.78,0
30.53,9.27,1
35.38,5.48,0
33.51,6.13,1
27.83,7.06,0
3.74,8.48,1
16.5,7.25,0
10.9,10.0,1
16.79,4.43,0
64.91,7.45,1
20.57,7.67,0
70.69,3.03,0
2.91,4.65,0
68.22,10.0,0
55.74,2.62,0
13.98,10.0,0
24.58,5.01,1
60.59,5.99,0
8.25,5.29,0
22.98,6.68,1
87.84,10.0,1
48.74,4.63,0
39.67,6.0,1
26.0,10.0,0
8.98,8.11,0
51.9,3.09,0
1.01,10.0,1
36.12,5.07,0
30.57,7.13,1
21.68,3.98,0
59.32,7.12,1
13.41,7.95,0
6.64,9.06,0
47.59,5.41,1
11.5,4.39,0
7.92,7.15,1
24.32,9.39,1
7.02,5.41,1
5.13,8.24,1
4.45,7.69,0
52.48,4.25,0
12.78,8.08,0
12.08,7.98,0
56.71,9.26,1
39.56,8.65,1
16.74,6.2,1
16.0,3.85,0
41.03,8.82,0
62.44,10.0,0
9.41,8.08,1
44.61,8.31,0
50.59,8.15,0
17.83,4.16,1
37.98,4.71,1
55.34,6.38,0
24.08,6.08,1
43.53,7.58,1
63.27,9.06,0
14.74,10.0,1
14.8,9.46,0
28.35,6.74,1
19.55,6.65,0
26.99,7.05,0
39.12,7.01,1
19.22,7.53,1
31.27,7.21,1
21.04,10.0,1
58.21,7.3,1
38.35,8.15,1
17.98,4.22,1
11.88,6.27,0
24.37,7.8,1
21.75,6.35,1
24.89,6.09,1
27.09,4.74,1
22.42,8.05,1
38.95,5.3,1
71.18,5.02,1
42.61,10.0,1
53.65,7.51,0
43.68,7.91,0
10.98,10.0,1
17.4,8.12,1
59.67,8.15,1
23.62,7.3,1
35.11,7.52,1
23.03,7.35,1
36.26,7.84,0
12.62,5.08,1
22.37,9.42,1
7.65,6.49,0
31.48,8.14,0
41.94,6.32,1
3.32,8.0,1
51.18,5.81,0
19.98,9.29,1
51.92,7.8,0
15.11,7.83,1
40.72,4.47,0
18.06,6.59,1
40.42,6.71,0
11.91,4.05,0
35.57,4.41,1
32.22,8.06,0
4.95,2.61,0
42.06,5.3,0
21.85,7.08,1
14.18,7.06,1
59.32,6.53,0
29.48,5.18,0
51.64,8.06,1
8.59,8.88,0
38.97,9.27,1
25.92,6.24,1
41.68,6.01,0
19.98,8.29,1
19.0,6.79,1
5.33,4.77,0
49.5,5.67,1
65.62,7.57,0
29.24,10.0,1
17.74,7.97,1
41.43,5.86,0
3.98,4.84,0
23.33,4.52,1
16.4,5.25,1
48.26,4.32,0
46.61,8.86,1
29.19,10.0,1
29.07,6.43,0
52.42,5.09,0
68.79,6.17,0
27.69,10.0,0
44.87,6.32,1
53.45,3.41,0
35.06,6.1,0
12.1,8.81,1
41.0,3.13,1
2.2,6.5,1
8.27,6.23,1
26.47,5.68,0
60.37,6.02,0
20.65,8.75,1
52.54,4.66,0
31.03,2.89,0
2.48,5.18,0
11.22,7.4,0
68.92,7.46,1
26.43,6.2,1
62.83,5.8,0
22.74,9.64,0
36.62,7.1,0
59.3,5.4,0
7.88,7.2,0
44.84,3.34,1
64.45,5.34,1
6.41,6.7,1
2.88,9.72,0
72.52,7.95,0
51.83,6.56,1
32.97,4.11,0
48.39,6.04,1
40.66,7.59,1
46.01,10.0,1
3.18,5.8,0
25.12,9.7,1
38.79,9.32,1
48.46,6.3,0
34.97,3.51,0
7.47,10.0,1
10.03,6.14,1
49.03,5.39,0
25.45,10.0,1
22.44,8.24,1
32.68,5.61,1
12.03,5.46,1
41.08,4.65,0
24.13,9.12,0
20.54,8.5,1
37.7,7.78,1
45.89,6.7,1
39.87,8.9,1
0.46,4.49,0
13.15,7.26,1
37.69,7.07,1
20.92,8.32,1
51.03,4.21,0
46.43,10.0,1
48.82,9.67,1
46.87,4.24,0
22.01,8.99,1
66.92,10.0,0
24.52,9.16,1
5.6,7.22,1
18.49,9.57,1
55.0,4.18,0
27.4,5.79,0
20.09,6.64,0
62.9,6.34,1
29.27,9.79,0
41.13,2.88,0
18.11,7.25,0
19.36,5.13,0
21.42,7.24,0
34.85,7.81,0
55.11,6.96,1
35.25,4.79,0
18.49,7.45,0
8.56,7.07,1
50.98,5.03,1
30.39,7.19,0
14.55,7.35,0
52.34,6.05,1
45.68,7.66,1
14.38,6.81,1
4.35,7.96,0
35.35,5.84,0
2.69,7.86,1
39.14,7.3,1
39.41,4.58,0
50.62,8.98,1
26.65,5.55,0
48.71,8.27,0
17.01,8.48,1
36.34,8.9,1
44.81,9.12,0
34.47,5.03,1
49.92,7.01,1
0.98,6.94,1
64.15,8.51,0
26.21,6.07,1
11.14,7.45,0
12.7,4.69,1
47.05,7.12,1
9.66,8.8,0
31.95,7.26,0
4.27,10.0,0
30.45,6.92,1
58.86,3.56,1
16.79,8.58,1
31.62,6.79,0
27.23,9.38,1
45.88,4.55,1
15.15,7.22,0
7.5,7.92,0
51.4,8.95,1
16.98,3.64,1
20.16,7.36,1
7.56,9.87,1
22.98,3.62,0
34.23,9.02,0
38.96,7.99,0
26.32,9.22,0
23.97,10.0,1
39.65,5.07,1
4.07,8.66,1
18.27,5.05,0
40.03,6.66,0
24.42,6.3,0
11.81,6.87,1
44.86,5.82,0
28.63,9.48,0
27.94,9.22,1
46.85,9.18,0
4.11,10.0,1
27.52,7.27,1
34.8,5.57,0
4.36,10.0,0
41.78,8.69,1
4.85,6.84,1
20.3,6.69,0
66.34,5.13,0
47.09,2.58,0
30.82,8.19,0
28.95,6.61,0
23.71,7.52,1
30.26,4.53,0
19.22,6.85,1
28.96,5.95,0
60.97,6.52,1
36.97,3.44,0
26.78,8.37,1
49.16,6.51,1
61.5,8.19,0
38.34,4.39,0
11.74,7.77,1
41.82,5.7,0
45.13,6.97,1
39.44,5.21,1
66.53,5.76,1
13.44,7.17,0
39.77,6.93,1
69.62,5.47,1
33.55,9.85,0
41.84,4.75,1
38.1,6.51,1
9.6,10.0,0
20.22,3.5,0
5.43,10.0,1
5.04,5.97,0
5.1,5.01,0
32.07,7.93,0
4.82,10.0,1
32.37,8.11,0
65.34,4.7,0
32.45,4.38,0
26.85,3.93,0
49.56,8.78,1
51.7,2.8,0
64.42,5.56,1
16.59,7.36,0
4.8,5.48,0
42.32,5.87,0
20.35,3.67,1
35.02,6.2,1
39.41,5.04,1
2.44,7.42,0
20.24,7.66,0
3.09,7.55,0
25.38,8.25,1
44.28,10.0,0
42.26,6.17,0
63.76,7.68,0
52.33,7.82,1
32.4,5.35,1
25.33,9.07,0
40.56,7.43,1
44.92,7.25,0
43.81,6.39,1
30.18,4.67,0
40.24,6.42,0
43.4,8.58,1
26.02,5.82,0
4.72,10.0,1
45.75,7.82,0
29.59,8.51,1
22.58,6.51,1
46.22,3.1,0
27.42,4.44,0
31.21,8.97,0
28.86,8.65,0
54.64,9.67,0
6.1,9.3,1
14.69,6.3,0
19.29,8.58,0
42.78,5.68,1
1.88,6.54,0
69.19,5.17,1
53.07,8.73,0
60.58,5.11,0
42.78,7.53,1
15.09,6.96,1
3.35,6.16,0
22.1,9.06,1
27.49,7.55,0
40.71,7.0,1
39.96,9.31,1
23.34,8.27,0
73.07,5.49,0
15.44,8.57,0
4.08,6.62,1
66.43,6.08,1
42.58,6.75,0
6.65,7.44,1
78.04,3.55,1
28.39,9.34,1
27.34,6.62,1
15.56,9.18,1
43.36,7.71,0
11.45,2.2,1
52.36,6.16,0
25.92,10.0,1
38.95,5.7,0
54.33,9.77,1
26.89,8.24,1
9.15,10.0,1
52.83,5.48,1
49.24,4.75,1
45.84,6.27,1
9.02,8.44,1
58.14,4.39,0
66.91,6.72,1
35.62,8.2,0
47.7,10.0,0
22.8,3.25,1
47.06,9.19,1
19.17,8.54,0
60.19,7.8,1
29.29,5.97,0
31.82,6.3,0
34.01,4.65,0
11.97,7.31,0
34.48,9.31,1
28.95,9.3,1
9.49,7.64,1
14.23,4.53,0
49.12,5.71,1
39.37,9.86,1
21.18,6.84,0
15.01,10.0,1
60.72,4.44,0
62.82,6.02,0
7.56,8.82,0
7.6,7.16,1
51.1,5.69,1
9.1,7.8,1
9.25,6.43,0
15.58,5.79,1
13.57,5.03,1
22.15,7.66,1
5.85,7.5,1
39.76,5.05,0
21.83,5.99,1
17.23,8.97,1
29.05,6.92,1
48.45,5.06,0
8.01,8.24,1
22.1,7.3,1
30.55,5.49,0
27.17,9.57,1
10.58,5.77,1
21.06,10.0,0
39.02,4.79,0
36.43,7.01,1
16.11,6.84,0
25.85,6.29,0
34.11,8.89,1
0.91,5.25,1
30.45,7.47,0
12.88,7.61,1
22.66,6.85,0
43.09,6.35,0
46.48,8.53,1
23.38,6.95,1
6.62,7.59,1
7.96,9.04,0
65.22,8.19,1
51.97,6.99,0
33.22,2.51,1
35.7,5.59,0
14.07,7.3,1
26.15,5.94,0
17.54,7.62,1
30.8,7.17,1
40.94,4.06,0
46.86,4.8,0
43.69,5.56,1
69.75,6.29,1
44.11,8.15,1
6.72,6.92,1
43.1,8.32,0
65.43,7.31,1
37.06,9.28,1
47.38,4.35,1
6.22,8.34,1
24.58,6.27,0
37.61,9.13,0
31.49,8.46,1
30.88,6.96,1
58.5,10.0,1
20.35,9.25,1
31.73,5.76,1
24.76,9.13,1
59.28,5.82,0
64.32,3.76,0
7.99,5.82,0
27.69,7.08,1
24.98,6.12,1
29.73,5.97,0
54.64,8.86,1
24.71,6.37,1
43.19,5.31,1
31.39,2.59,0
62.6,7.16,1
67.23,8.31,1
23.63,8.37,1
14.46,7.26,1
1.31,10.0,1
49.7,8.97,1
2.81,6.15,0
35.19,4.45,0
38.4,7.21,1
23.94,8.75,0
35.63,8.9,0
10.05,6.21,1
8.92,10.0,0
44.36,4.16,1
38.33,6.53,1
12.75,5.9,0
19.5,6.4,0
35.32,5.26,0
22.58,8.17,1
61.67,8.55,0
9.92,7.56,0
39.68,4.78,1
85.81,9.85,1
37.07,7.85,0
6.49,5.28,0
45.26,1.97,0
52.81,10.0,1
5.99,8.14,0
36.63,7.1,0
13.08,6.99,0
50.88,7.46,1
2.35,9.77,0
37.44,5.75,1
30.08,6.28,1
9.02,9.21,1
55.56,6.73,0
26.35,7.63,0
44.77,6.32,0
29.77,7.54,0
19.91,5.11,0
31.93,6.66,0
68.64,7.91,1
18.96,7.75,0
23.32,3.08,0
34.89,9.54,1
30.18,5.05,1
7.39,7.78,0
35.74,6.53,1
1.83,6.88,1
45.34,2.81,0
34.41,5.88,0
21.61,6.15,0
32.76,8.34,0
34.49,4.48,1
36.76,8.84,0
37.94,6.14,0
16.72,8.52,0
15.05,10.0,1
23.12,9.02,1
14.48,8.34,0
2.16,9.69,1
29.6,8.11,1
56.57,5.46,1
14.33,5.54,0
25.36,8.29,1
26.49,9.99,0
65.89,5.37,0
16.21,4.91,1
24.34,6.2,1
18.15,7.79,1
4.91,10.0,1
15.13,7.87,1
38.64,7.7,1
45.22,5.63,0
29.66,6.15,0
24.57,8.2,0
49.67,7.48,1
39.89,3.21,0
29.4,8.73,1
36.18,7.35,0
19.1,4.45,1
34.36,10.0,1
48.38,10.0,1
24.66,8.77,1
10.27,6.87,1
2.22,7.48,1
19.53,8.03,0
16.11,7.05,1
18.66,8.31,1
23.05,8.45,0
33.72,7.9,1
39.64,4.95,0
40.2,9.57,1
56.09,5.58,1
3.32,9.94,1
32.27,6.53,1
47.77,6.04,0
36.93,4.09,0
27.77,7.5,0
35.3,7.41,1
29.16,8.34,0
8.35,6.97,0
42.75,8.01,1
52.92,6.21,0
36.91,3.9,1
8.45,6.69,1
43.91,6.93,0
53.91,7.34,0
23.18,4.86,0
18.8,9.58,1
22.28,8.01,0
29.27,5.19,0
67.66,3.71,0
1.57,4.98,0
34.7,8.58,1
47.61,5.9,0
6.28,5.53,1
24.96,5.31,0
35.0,9.02,1
34.42,10.0,1
11.21,3.98,1
9.24,7.78,0
1.79,5.65,0
50.83,7.25,1
20.04,7.0,1
20.99,8.87,1
23.92,6.22,0
6.81,8.73,0
15.67,10.0,1
10.3,10.0,1
19.79,7.48,1
23.77,5.46,1
35.64,5.75,0
10.14,9.79,1
66.23,6.5,1
34.65,7.29,0
14.85,9.38,1
60.23,9.34,1
50.52,6.91,0
10.68,9.68,1
25.62,6.61,1
26.15,9.07,0
45.29,6.01,1
43.09,3.8,0
19.63,6.9,0
46.06,7.39,0
34.01,6.72,0
60.97,9.23,1
34.49,2.95,1
19.42,7.39,1
47.68,8.93,1
32.8,3.41,0
39.5,5.37,1
27.65,8.65,1
43.37,8.57,1
25.08,7.48,1
12.23,8.62,1
27.62,8.7,0
46.43,6.41,0
39.49,9.97,1
32.25,7.44,1
7.03,7.74,0
35.37,4.2,0
32.89,3.21,1
32.58,7.63,1
6.45,8.81,1
9.47,7.55,1
41.07,7.84,0
38.93,4.32,1
61.01,8.09,1
2.56,5.41,0
59.36,7.92,0
25.36,9.79,1
24.68,7.34,1
49.29,9.83,0
51.98,5.96,0
31.38,6.65,0
2.3,10.0,1
0.4,5.08,0
70.51,4.67,0
41.84,5.47,1
23.57,10.0,1
39.72,4.56,0
56.85,5.71,1
40.64,6.07,1
34.23,5.08,0
41.67,4.89,0
35.65,3.59,0
18.98,5.07,0
41.23,6.95,1
11.48,7.38,1
50.55,5.99,1
29.83,10.0,1
40.06,7.08,0
32.74,7.75,1
9.22,10.0,1
42.83,7.77,1
14.16,8.21,0
1.41,7.05,1
48.67,8.17,0
14.14,6.58,0
37.18,5.19,0
49.59,10.0,1
14.94,2.85,0
36.38,10.0,0
45.17,5.79,1
43.92,10.0,1
40.33,7.46,0
49.9,5.15,1
50.44,10.0,1
19.79,7.46,0
39.11,5.44,0
69.56,8.38,0
47.77,6.25,0
52.23,5.67,0
33.14,8.03,1
37.02,6.91,0
30.33,5.14,0
30.0,7.06,1
13.5,7.08,0
11.23,9.21,1
25.07,10.0,1
41.27,8.96,1
44.62,5.19,0
43.3,8.03,0
45.88,4.64,0
7.52,9.15,0
60.08,4.79,0
40.22,7.02,1
15.37,8.54,1
21.8,4.95,0
49.78,5.84,1
33.97,8.74,1
12.13,7.52,1
66.56,5.59,1
10.65,7.61,0
31.68,5.87,0
17.59,7.28,0
42.87,5.83,1
11.62,9.5,1
64.08,8.47,0
39.09,6.84,0
19.94,8.87,1
42.45,5.72,0
56.28,8.33,1
19.22,2.38,1
27.67,7.98,0
28.16,5.6,1
8.96,5.9,1
60.39,0.62,0
26.29,5.95,0
38.5,8.88,0
11.32,7.98,1
63.91,5.53,1
3.62,6.92,0
8.62,9.46,1
56.66,6.89,0
19.93,7.14,1
27.97,5.13,1
43.17,5.14,1
41.44,6.69,0
30.53,7.35,0
30.89,9.13,1
9.56,2.03,1
21.85,7.25,1
43.4,9.81,1
31.7,7.36,1
37.55,5.56,0
4.44,8.68,0
19.82,8.5,1
70.56,8.79,1
32.61,6.6,1
35.36,6.59,1
11.24,4.76,0
2.27,7.38,0
33.17,2.27,0
20.37,5.25,0
29.92,7.75,0
49.04,10.0,1
30.58,4.24,0
22.59,6.89,0
14.31,5.07,0
53.94,6.86,0
13.65,5.89,0
43.08,4.39,1
80.69,4.65,0
10.65,9.74,0
48.2,6.87,0
35.71,5.55,1
44.41,10.0,0
4.31,4.73,0
35.67,6.0,1
33.86,7.06,0
23.84,10.0,1
8.18,8.32,0
34.47,1.21,0
43.02,8.29,0
42.13,4.09,0
51.91,2.45,1
8.02,9.63,1
54.0,6.32,0
49.6,3.78,1
34.79,7.06,0
20.11,7.2,0
41.79,8.97,1
76.85,1.98,0
36.79,6.05,1
6.43,8.16,1
6.83,9.66,1
17.59,9.09,1
2.57,8.94,1
52.13,8.07,0
11.06,6.27,0
65.44,10.0,1
52.4,10.0,0
49.62,4.59,0
39.09,10.0,1
18.5,8.02,1
2.82,9.11,0
9.75,4.87,0
58.39,6.8,0
72.9,5.13,1
0.47,7.3,1
29.04,6.68,0
38.53,6.37,0
35.7,8.7,0
22.51,7.77,1
25.25,3.36,0
50.3,9.13,1
39.42,7.62,0
29.19,5.99,1
27.39,6.96,1
3.82,9.57,1
11.45,5.97,0
17.19,9.73,1
59.12,4.45,0
17.43,7.39,1
13.97,6.3,0
51.53,7.63,1
22.31,1.54,0
13.34,6.79,1
29.26,7.55,1
34.81,3.36,1
44.55,7.82,1
44.52,8.75,1
30.77,5.96,0
2.8,7.89,1
29.77,6.48,1
27.56,10.0,1
49.74,8.59,1
48.73,5.78,1
10.84,8.12,0
39.02,8.59,0
8.29,8.43,1
36.13,1.34,0
38.41,7.41,1
9.94,5.55,0
22.49,8.33,0
30.12,8.06,0
19.61,5.42,1
41.8,5.98,0
39.23,4.08,1
22.3,6.98,1
48.61,8.49,1
24.53,7.37,0
12.95,8.61,0
27.12,9.72,1
21.01,5.69,1
26.86,10.0,1
31.92,6.08,1
48.09,3.95,0
17.49,5.26,0
4.15,9.14,1
26.23,5.89,1
55.38,7.22,1
34.59,10.0,0
37.96,4.45,0
2.04,8.36,0
35.29,7.04,0
57.21,2.7,0
2.82,9.14,1
6.26,8.55,0
11.54,8.3,1
13.78,9.03,0
34.91,6.48,1
18.1,5.93,0
20.34,7.75,1
29.53,7.7,0
48.44,7.8,1
30.89,3.96,0
7.88,6.54,0
52.6,4.11,0
32.07,7.48,0
42.45,7.73,0
2.57,8.56,1
5.09,0.29,0
50.06,10.0,0
18.46,7.21,0
50.7,4.87,1
28.57,9.6,1
60.92,4.77,1
42.66,4.71,0
27.46,10.0,1
5.26,9.26,0
7.85,6.3,1
40.04,4.75,1
45.95,9.23,0
4.04,4.1,1
8.36,5.27,1
22.5,4.98,0
47.71,7.01,0
22.97,10.0,0
21.06,7.16,0
14.54,4.64,0
41.63,4.39,0
34.55,8.44,1
43.15,4.14,0
7.13,5.22,0
49.84,4.96,1
30.3,3.48,1
45.42,8.84,0
40.42,9.01,0
48.43,7.3,1
23.57,4.5,1
9.1,10.0,1
33.45,8.92,1
54.28,10.0,1
61.24,10.0,1
35.35,10.0,0
32.96,7.75,0
6.38,8.39,1
16.39,4.86,0
31.51,6.56,0
16.34,7.19,0
26.89,9.09,1
38.98,4.78,1
36.96,7.56,0
20.82,9.72,1
21.48,9.74,1
31.33,6.65,0
7.39,8.72,1
15.31,8.21,0
9.84,6.88,1
44.62,7.09,0
23.02,8.92,1
13.69,8.55,1
53.4,7.71,0
36.16,5.62,0
20.92,8.76,1
17.08,6.15,0
2.09,5.08,1
12.76,10.0,0
19.3,8.55,0
37.46,8.47,1
49.35,6.71,1
24.57,6.96,0
12.71,10.0,1
18.81,8.96,1
39.64,5.9,0
11.33,6.79,1
39.14,6.49,1
35.64,8.54,0
32.54,9.81,0
32.84,8.67,1
24.27,8.05,0
33.38,8.47,1
23.59,7.46,1
26.16,6.97,0
41.49,8.1,1
10.89,4.9,1
27.31,9.73,1
38.1,5.3,1
49.96,9.87,1
40.47,3.42,0
18.97,10.0,1
23.16,6.22,1
11.65,9.67,1
44.94,7.33,1
62.74,6.09,1
29.18,6.44,0
38.15,7.69,1
41.46,5.54,0
38.52,4.91,1
23.68,8.84,0
30.82,6.21,1
46.14,8.32,0
37.31,4.59,1
57.77,6.81,0
24.28,9.33,1
45.8,6.19,0
21.91,4.8,0
34.43,7.33,0
42.77,3.14,1
35.53,6.38,0
43.32,5.66,0
21.49,8.89,1
47.49,5.72,1
56.05,5.26,1
55.23,5.33,0
26.33,9.88,1
2.73,6.56,0
22.59,9.14,0
38.59,5.94,1
44.32,7.21,0
4.05,8.6,0
21.66,7.15,1
24.11,7.56,0
31.65,5.54,0
5.77,8.22,1
26.24,9.45,0
12.65,10.0,1
26.83,5.05,1
9.86,10.0,0
22.98,4.5,1
29.86,8.28,0
1.46,6.4,0
33.38,10.0,1
25.55,5.92,1
49.36,3.05,0
41.8,9.81,1
31.82,7.98,1
4.07,9.09,1
16.78,6.39,0
11.17,10.0,1
13.18,6.82,1
54.78,4.28,1
45.5,3.4,0
52.47,9.46,1
0.12,7.36,0
28.18,8.07,1
46.05,7.07,1
44.75,4.75,1
1.7,8.91,1
23.96,10.0,0
19.77,7.45,0
49.34,6.05,0
25.98,4.84,0
1.22,7.91,1
41.23,7.81,1
25.54,5.37,1
4.55,8.38,1
15.4,10.0,0
9.91,10.0,1
10.52,7.4,0
14.47,8.18,0
3.71,9.72,0
42.85,5.93,0
34.96,6.18,0
44.5,7.1,1
9.61,4.83,0
39.43,3.57,0
35.23,4.67,0
71.45,10.0,1
45.07,9.15,0
44.41,7.07,1
12.29,3.95,0
49.05,3.33,0
30.64,7.51,1
31.09,3.48,0
16.84,6.42,0
37.43,6.85,0
32.25,3.75,0
37.97,5.04,0
29.53,9.25,1
24.76,7.21,0
47.37,5.82,0
56.39,3.77,0
15.62,5.63,0
49.12,7.33,1
48.31,5.53,0
7.88,7.16,1
26.69,7.32,1
9.66,7.11,0
39.7,9.21,1
44.39,4.65,0
58.3,4.86,0
27.25,6.15,0
78.07,9.98,0
33.65,8.44,0
68.87,3.31,0
12.95,5.71,0
12.15,8.3,1
4.14,4.6,0
14.76,8.37,1
26.2,5.97,0
6.95,7.3,1
38.27,5.47,1
64.06,8.05,1
67.91,4.58,1
33.98,6.81,1
32.65,6.14,0
28.49,8.11,0
35.18,9.22,1
24.56,8.99,1
31.69,3.93,0
36.81,9.51,1
39.89,5.08,0
34.01,4.69,0
34.97,8.07,1
32.58,8.21,1
15.72,8.41,1
54.87,1.57,1
21.14,3.13,0
13.12,6.38,0
35.31,6.87,0
6.47,5.4,1
0.61,4.52,0
31.38,6.26,0
14.72,5.14,0
35.62,8.64,0
13.16,7.95,0
32.48,9.94,1
39.68,9.28,1
19.4,5.98,0
30.83,6.96,1
61.97,10.0,0
9.35,6.24,1
17.65,7.01,0
50.51,7.08,0
17.61,7.54,0
23.31,6.44,0
34.18,7.42,1
28.83,5.85,1
34.63,6.53,0
36.45,7.01,1
1.71,10.0,1
12.14,3.37,0
17.61,6.81,0
53.12,7.82,0
23.87,3.34,1
23.84,8.39,0
7.48,6.39,0
46.54,5.5,0
33.39,5.94,1
52.18,10.0,0
36.31,8.81,1
35.74,7.35,1
17.56,10.0,1
6.1,6.3,1
3.8,7.17,1
25.67,9.91,1
55.3,7.33,1
43.56,4.62,1
47.68,8.0,1
15.09,6.94,0
1.62,9.79,1
6.08,8.21,1
57.93,8.39,0
50.28,8.29,0
0.65,6.07,0
28.29,6.99,1
20.53,2.96,0
27.31,9.32,1
51.26,4.31,0
38.5,7.83,1
38.75,10.0,0
40.06,6.35,0
13.92,6.09,0
66.5,7.63,1
35.52,6.19,0
56.27,6.17,1
21.64,9.03,1
50.77,8.34,0
41.46,8.2,1
66.9,6.68,1
56.71,5.79,1
76.92,6.93,1
43.53,4.12,1
29.04,5.04,1
28.1,10.0,1
32.23,6.0,0
17.19,5.76,0
9.4,8.04,1
30.56,10.0,0
13.05,6.0,0
12.2,6.56,1
42.41,4.41,0
63.65,6.55,1
30.01,10.0,1
24.67,9.62,0
13.4,9.52,0
17.32,8.06,1
48.77,6.26,0
40.28,7.08,1
52.85,8.01,1
68.88,6.52,0
33.59,7.72,0
63.34,4.76,0
41.51,6.28,0
7.76,7.25,0
37.78,7.35,1
4.9,6.16,0
21.09,10.0,1
40.71,9.68,1
18.75,7.06,0
7.13,6.5,1
43.8,7.23,1
28.51,4.76,0
7.29,7.38,0
35.17,6.46,0
16.83,3.98,1
47.23,7.87,1
50.24,4.28,1
30.65,1.31,0
40.24,5.44,1
15.47,8.11,1
37.95,7.07,0
21.64,9.04,0
18.86,6.18,1
29.75,6.11,1
22.46,9.11,0
47.38,5.64,1
4.61,7.63,0
50.52,8.35,1
14.93,8.3,0
34.74,5.25,1
40.93,6.57,0
50.67,3.4,0
38.01,2.21,0
45.04,6.74,1
9.98,6.08,0
20.35,7.28,0
45.58,7.11,0
4.74,5.38,0
30.05,9.03,1
46.55,3.47,1
14.72,8.56,1
28.46,9.3,0
15.49,6.76,0
30.67,5.5,1
14.21,6.63,1
36.4,8.85,1
51.99,7.9,1
51.66,5.59,0
13.7,9.77,1
11.38,6.13,1
46.44,9.54,1
24.95,8.04,1
5.06,9.67,1
1.63,2.53,0
53.22,7.83,1
26.82,6.21,1
50.77,5.55,0
26.91,4.82,0
6.6,6.06,0
39.22,6.02,0
42.0,7.13,1
26.13,7.55,0
59.51,8.11,1
13.97,8.63,1
28.53,8.05,1
46.79,10.0,1
5.11,6.09,0
48.31,8.11,1
56.55,9.48,1
71.21,2.91,0
22.09,6.91,0
19.08,8.53,1
62.61,7.34,0
10.85,6.67,1
23.48,7.87,1
16.12,9.08,1
53.63,10.0,1
76.49,7.51,0
40.31,3.6,0
9.06,4.39,0
37.29,7.03,0
30.64,3.26,0
13.03,10.0,1
18.23,6.1,0
2.53,5.62,1
8.96,9.0,1
15.84,8.41,1
30.11,6.2,0
43.09,6.7,0
0.97,7.02,1
37.57,9.15,0
46.24,6.83,1
27.24,6.71,1
47.8,5.72,1
41.24,2.9,0
42.7,4.41,0
29.26,1.51,1
41.18,7.46,0
45.06,9.17,1
38.38,4.06,0
52.85,8.19,1
27.25,5.58,0
33.49,7.26,0
40.03,7.5,1
23.06,8.65,0
10.75,5.42,1
93.99,6.85,1
33.99,5.74,1
17.89,7.24,0
37.73,4.75,0
13.54,5.31,0
29.63,7.58,1
22.68,8.59,1
53.96,3.56,0
12.47,9.2,0
18.7,3.73,0
45.66,6.48,0
39.1,4.25,0
20.05,7.22,0
17.99,6.22,0
28.98,5.79,0
51.95,6.11,1
35.37,8.66,0
27.68,8.27,1
35.32,4.78,0
65.68,7.8,0
0.17,6.17,0
36.51,6.85,0
74.01,4.77,1
1.26,8.46,0
3.27,5.22,0
37.37,5.56,0
34.88,10.0,1
49.39,4.48,0
8.67,9.93,1
54.61,4.71,0
22.42,9.76,0
13.63,8.38,1
23.36,8.43,0
24.97,7.81,1
33.18,8.62,0
22.8,10.0,1
20.75,7.82,0
71.65,5.29,0
53.19,6.08,1
46.88,6.18,0
61.82,9.67,1
48.87,7.24,1
22.1,6.26,1
50.91,6.59,1
7.78,9.89,1
1.57,7.53,1
4.72,7.99,0
33.6,2.85,0
19.12,6.5,1
59.13,5.07,0
60.5,5.02,0
32.92,3.83,0
8.19,6.63,1
23.75,6.48,0
43.77,7.31,0
43.64,10.0,1
44.59,4.2,0
41.05,6.1,0
62.45,5.75,0
27.5,10.0,1
23.64,7.78,0
34.12,6.77,1
74.67,7.65,1
23.07,8.14,1
22.54,1.98,1
27.93,8.88,1
56.63,7.45,0
28.28,9.12,0
2.96,5.91,0
14.04,8.04,1
43.64,7.26,0
38.81,8.32,1
17.37,3.45,1
55.28,5.93,0
54.04,4.13,1
35.03,6.89,0
1.42,8.37,0
34.81,5.05,1
44.12,4.35,1
39.89,4.11,0
24.5,10.0,1
32.51,9.15,1
34.3,8.36,1
47.17,7.39,0
60.44,6.17,1
24.33,5.07,1
95.65,3.59,0
41.16,6.81,0
59.31,7.19,0
69.62,10.0,0
52.6,7.16,1
22.51,6.36,1
22.54,6.81,0
0.73,9.82,1
56.6,6.04,0
29.4,8.36,0
59.53,5.16,0
34.96,8.36,1
7.45,2.88,1
16.47,4.71,0
40.21,8.81,1
24.01,10.0,1
7.86,6.04,0
6.67,5.15,1
6.2,8.77,0
30.98,7.27,1
25.54,7.73,0
16.83,3.95,1
26.52,8.96,1
23.96,10.0,1
6.9,8.19,0
61.03,6.43,1
16.66,4.07,0
22.81,6.54,1
20.15,3.0,1
28.51,4.6,0
39.49,5.06,0
24.54,6.73,0
42.67,9.13,0
30.33,9.04,1
27.01,7.6,1
30.51,9.0,0
22.52,4.62,0
49.17,4.14,0
31.65,7.43,0
33.99,7.19,0
39.61,7.89,1
36.9,5.85,1
30.81,7.1,0
22.98,7.64,1
30.62,6.69,1
48.4,7.54,1
18.15,9.4,0
30.68,9.52,0
71.64,9.4,1
56.19,5.49,1
20.29,7.52,0
50.25,5.63,0
2.21,9.55,1
13.5,7.47,1
37.14,7.14,1
52.18,8.15,1
4.02,10.0,1
36.89,5.78,0
65.74,5.03,1
32.68,7.01,1
16.86,8.9,0
24.6,4.27,0
23.78,6.77,1
6.97,8.4,1
28.32,5.92,1
30.02,3.64,0
53.64,5.56,0
59.12,8.84,1
17.94,3.38,0
50.51,4.73,1
19.33,9.63,1
21.83,5.81,1
47.73,5.47,0
9.14,5.22,0
69.87,6.8,0
29.46,6.76,1
22.47,9.66,0
47.68,6.44,1
11.05,9.5,0
38.59,5.55,1
42.0,7.74,1
33.42,7.71,0
20.56,5.68,0
23.53,9.08,0
26.04,5.1,1
20.33,9.53,1
53.6,10.0,1
32.17,8.45,1
44.33,6.48,1
15.86,6.98,1
12.44,8.26,0
21.41,7.99,0
29.55,6.12,1
25.94,7.1,1
58.46,7.51,1
24.81,3.83,0
44.28,6.59,0
15.46,5.42,0
48.02,5.6,0
2.2,6.9,1
12.85,7.21,1
9.63,6.72,0
38.0,6.34,0
42.94,6.29,0
15.06,7.54,1
23.03,10.0,1
40.6,8.31,1
33.9,2.57,0
34.28,9.06,1
6.88,9.29,1
18.54,4.88,0
1.1,8.17,1
60.31,6.79,0
80.58,6.16,0
39.29,10.0,0
17.15,5.53,0
37.66,10.0,1
78.1,6.38,1
64.1,3.94,0
21.68,7.41,1
24.62,7.69,1
9.27,9.5,1
74.35,8.34,0
11.2,6.94,1
40.17,7.95,0
19.59,8.32,1
6.34,4.37,0
28.73,9.58,1
36.0,9.2,1
0.3,5.34,1
27.55,3.76,1
4.04,10.0,1
6.72,5.38,0
8.66,9.64,0
13.72,6.54,1
20.07,9.02,0
26.32,7.6,0
58.75,7.73,0
8.79,5.56,0
45.01,8.91,1
19.77,8.23,1
18.35,8.09,1
49.85,4.33,0
50.25,4.89,1
38.08,9.17,1
3.31,6.94,0
35.25,9.31,1
22.18,6.39,1
31.06,3.65,1
30.89,7.96,1
26.15,8.11,1
15.43,7.8,0
45.6,5.65,1
44.74,8.5,0
7.55,10.0,0
17.1,5.6,1
11.23,9.92,0
40.48,9.98,0
5.77,5.47,0
26.6,3.91,0
54.6,5.68,0
32.73,6.59,0
33.19,6.72,0
55.3,3.84,0
2.17,7.53,0
11.11,5.23,0
19.06,5.16,0
28.07,10.0,1
18.88,6.12,0
25.92,6.27,1
25.1,6.75,0
37.28,6.23,1
40.61,4.41,0
17.85,7.45,1
15.24,3.21,0
27.1,8.66,1
34.1,7.77,1
11.16,7.54,0
41.98,4.92,0
31.75,6.64,0
23.41,4.41,1
4.23,10.0,1
25.7,8.57,0
45.98,6.73,1
52.71,4.05,1
32.44,9.21,1
26.96,6.43,0
5.36,6.41,0
28.59,7.77,1
28.07,7.23,1
66.96,5.0,0
27.95,5.07,1
39.39,7.78,0
31.08,6.71,1
6.78,6.32,1
59.78,7.75,0
3.2,10.0,1
17.85,7.26,1
34.86,5.43,0
44.24,5.67,0
50.74,8.01,1
24.65,7.05,0
19.03,8.56,0
37.67,5.85,0
62.7,6.68,0
55.57,5.66,1
75.0,4.49,0
27.61,5.63,0
63.47,5.44,0
34.68,7.95,1
45.26,5.72,0
38.13,4.02,0
19.05,5.79,1
28.86,8.73,1
17.01,1.26,0
45.98,6.7,1
28.69,6.93,0
31.06,5.63,0
2.97,7.15,0
4.39,8.23,1
27.72,5.5,0
48.71,7.54,1
17.62,8.02,1
20.25,8.34,1
25.24,6.64,1
20.57,7.23,1
15.7,6.19,0
24.03,6.3,1
12.1,6.37,0
60.16,6.53,0
25.42,7.56,1
0.89,4.54,1
23.16,6.01,0
9.22,4.0,1
67.54,5.19,0
17.57,10.0,1
40.05,8.33,1
8.17,6.92,0
35.09,10.0,1
9.51,8.6,0
28.31,10.0,0
0.27,8.51,0
49.55,7.84,1
10.07,6.85,1
27.53,9.54,1
23.42,5.2,1
28.28,7.21,0
49.1,7.98,0
31.06,4.56,1
25.2,8.11,0
30.65,10.0,1
34.69,9.82,1
63.58,6.52,1
33.16,6.41,0
35.09,8.93,1
43.48,6.99,0
11.74,8.5,1
37.08,8.02,0
39.09,4.95,0
43.44,9.42,1
31.43,5.84,1
22.74,7.78,1
5.5,10.0,0
36.77,7.35,0
46.9,5.38,0
23.59,3.08,0
47.49,10.0,0
52.55,6.58,0
29.97,10.0,1
52.67,5.96,0
15.47,6.04,1
43.63,5.04,0
8.52,2.48,1
61.39,7.58,1
64.52,5.68,1
38.33,10.0,1
50.54,8.28,0
30.53,6.14,1
41.98,6.56,0
60.62,6.46,1
13.18,7.67,1
47.46,7.41,0
45.99,5.46,0
11.55,7.46,1
59.09,5.53,1
94.46,3.78,0
13.03,8.5,1
21.8,9.36,1
18.2,7.83,0
32.21,5.81,0
18.99,7.86,1
26.5,8.57,1
1.15,7.52,1
3.77,8.39,0
24.87,7.27,1
51.54,10.0,1
5.97,8.1,1
20.51,8.36,1
41.36,7.11,0
48.07,10.0,1
0.66,6.41,1
22.19,5.03,1
24.09,7.37,1
4.72,7.48,1
8.53,10.0,0
25.23,8.22,1
32.11,7.14,1
18.71,8.9,1
32.48,7.35,1
7.47,7.93,1
3.34,8.9,1
28.98,7.03,1
43.04,9.69,1
20.36,6.74,1
57.14,2.85,0
15.71,10.0,1
46.46,2.92,1
32.36,9.5,0
21.88,7.67,1
49.57,6.19,0
20.24,8.33,1
62.92,3.54,1
8.42,3.21,0
25.33,4.06,1
2.7,6.19,1
25.92,10.0,1
25.9,3.95,0
37.01,8.66,1
5.63,8.32,0
69.01,1.67,0
52.78,4.54,0
22.96,8.86,0
7.87,6.1,0
64.03,5.18,0
25.82,7.29,1
27.07,9.53,1
37.57,5.82,1
60.88,6.83,1
21.12,5.76,1
40.22,7.11,0
31.95,6.17,0
24.92,7.46,1
21.2,8.85,0
64.88,2.31,1
61.21,5.29,0
33.27,5.58,0
25.86,5.04,0
44.22,1.45,1
24.96,4.66,0
6.94,7.37,1
51.78,2.65,0
48.59,6.79,1
74.91,8.88,1
18.95,7.96,1
15.69,10.0,0
11.19,9.08,0
16.97,5.15,0
47.71,6.82,1
59.74,9.47,0
9.72,10.0,1
42.22,6.28,0
2.45,6.07,1
5.45,7.75,1
44.57,7.8,0
28.28,3.72,0
38.24,6.31,0
30.2,4.66,0
36.21,6.51,1
73.54,5.34,0
23.52,8.44,1
36.98,7.57,1
36.83,4.23,0
43.54,6.61,1
15.39,7.58,1
18.12,6.07,1
35.66,6.08,1
14.87,2.46,1
18.68,6.66,1
27.26,5.3,0
23.05,6.78,1
6.03,4.5,1
5.25,9.45,1
58.15,10.0,0
32.45,3.84,0
57.35,6.52,1
16.43,10.0,1
33.31,4.53,0
22.53,10.0,1
26.46,7.47,0
27.45,9.69,1
40.4,8.74,0
28.05,7.45,0
54.63,5.58,1
15.77,8.78,1
37.72,6.28,0
18.75,6.9,0
19.59,5.2,1
38.79,10.0,1
14.86,10.0,0
20.34,6.23,0
21.38,5.75,1
33.68,6.99,0
6.63,4.88,0
10.23,6.46,0
36.49,5.96,0
69.09,5.64,0
38.73,3.47,0
31.04,6.58,0
78.47,3.93,0
34.68,6.63,1
11.9,8.94,1
45.99,9.05,1
15.15,7.44,1
22.88,5.55,0
44.59,6.66,0
11.62,8.17,0
35.63,7.01,1
36.98,6.41,0
52.23,6.18,1
31.76,9.56,0
11.88,7.59,0
38.02,4.39,1
33.29,9.4,1
32.73,5.03,0
1.68,9.36,1
10.11,9.2,1
31.93,4.58,0
55.02,5.62,0
26.61,9.0,0
32.48,4.64,0
33.83,6.47,0
28.31,5.02,0
35.75,7.58,1
3.51,8.22,1
16.44,9.16,1
3.0,8.4,1
41.64,6.05,1
7.88,8.9,0
10.94,5.75,1
66.22,7.37,0
42.55,10.0,1
22.06,2.41,0
48.56,5.61,0
26.81,5.78,1
15.72,7.17,1
25.07,6.74,0
28.83,4.29,0
42.56,5.16,0
47.16,7.27,1
73.85,5.24,0
34.11,8.56,1
51.01,5.64,1
30.8,6.4,1
47.83,7.48,1
9.74,7.59,1
61.7,7.07,0
33.83,3.84,0
46.83,7.13,1
25.99,5.91,0
28.65,9.25,1
46.45,4.24,0
47.83,8.98,1
21.56,6.73,1
9.5,8.84,0
35.9,8.72,0
50.54,7.87,1
2.92,4.64,1
63.34,4.94,1
40.7,3.57,1
30.98,7.1,0
14.57,6.62,0
2.05,6.79,1
15.57,5.97,0
55.42,7.18,1
19.88,8.99,0
40.7,7.82,0
10.93,8.67,1
19.86,6.08,1
52.34,6.4,0
10.11,8.34,0
27.82,4.85,0
44.25,1.39,0
5.32,7.48,0
16.87,8.83,1
57.12,7.96,1
26.67,4.33,0
4.3,9.14,0
16.35,6.59,0
13.5,8.85,0
32.21,10.0,1
29.81,6.79,0
2.26,9.74,1
26.23,5.92,0
40.6,7.74,1
17.79,5.04,0
20.76,5.13,1
17.03,8.9,0
51.39,5.2,0
32.7,8.36,0
30.4,8.15,1
19.48,10.0,1
46.62,6.83,1
34.4,6.91,1
14.93,7.7,1
38.32,8.09,1
33.95,8.01,0
20.55,5.12,0
1.12,7.37,1
21.28,8.25,1
27.4,7.97,1
36.79,5.13,1
16.8,8.05,1
36.03,10.0,1
28.47,7.18,0
20.73,6.03,1
37.91,8.21,1
13.05,9.62,1
38.18,4.66,1
29.12,5.8,0
14.36,7.1,0
56.62,6.4,0
23.72,8.47,0
43.15,6.8,1
22.22,7.08,0
57.87,10.0,1
20.01,6.66,1
27.96,6.08,0
25.39,4.92,0
63.46,7.31,1
56.62,9.4,0
37.59,7.4,0
21.74,6.54,1
32.54,4.48,0
30.77,6.73,0
38.98,4.77,0
29.1,8.1,1
42.49,7.88,0
18.2,7.48,0
25.03,8.09,1
18.38,9.42,1
19.06,6.92,0
2.88,10.0,1
34.33,6.03,0
74.99,6.29,0
4.57,8.62,1
40.43,4.65,0
49.99,7.99,1
12.01,9.0,1
38.95,4.63,0
44.21,3.99,1
33.25,4.53,1
44.5,6.07,0
57.15,7.52,1
6.47,7.75,1
36.53,5.5,1
37.41,7.97,0
31.09,8.39,1
46.2,7.06,1
29.56,7.12,1
49.07,6.68,0
13.23,6.69,1
59.99,10.0,1
44.37,4.33,0
86.44,6.57,1
14.37,5.09,1
9.41,5.23,0
38.87,9.54,1
71.7,6.72,0
1.41,6.33,0
31.24,5.53,1
38.5,5.04,0
1.6,7.65,0
18.21,5.79,0
27.18,3.15,0
58.94,6.09,1
24.4,7.3,1
4.44,4.11,0
35.97,10.0,1
66.24,7.82,0
32.19,7.17,0
28.59,6.78,1
44.69,8.09,1
16.59,5.5,0
35.98,6.21,1
27.87,6.29,1
44.77,3.23,1
5.84,7.57,0
20.03,7.89,1
31.71,6.08,0
1.43,9.8,1
13.65,7.06,1
67.95,6.74,0
28.46,5.88,1
20.16,7.52,0
34.54,7.72,1
25.97,8.61,1
47.94,7.95,1
29.47,7.88,1
72.39,6.51,1
4.92,9.8,0
50.39,7.18,0
26.7,7.65,0
17.87,7.3,1
26.25,9.78,1
9.62,8.5,1
63.77,6.23,1
0.3,8.7,0
1.46,6.13,0
50.61,6.16,0
27.48,9.98,0
17.15,6.41,1
34.17,9.57,0
61.83,7.89,1
26.26,7.42,0
45.96,3.3,0
42.44,5.97,1
0.14,6.66,1
8.83,10.0,1
21.39,6.07,1
42.02,6.55,1
35.2,4.59,1
47.81,10.0,1
49.2,7.69,1
48.4,3.33,0
40.09,3.87,0
28.34,5.86,1
46.99,2.88,0
38.81,7.03,1
24.75,5.08,0
60.45,8.7,1
12.56,4.58,0
31.86,10.0,1
13.86,6.89,0
68.74,7.61,0
0.29,6.09,0
43.1,10.0,1
2.61,9.9,1
8.96,10.0,1
32.5,6.2,1
16.07,7.82,1
34.01,6.11,1
54.08,3.78,0
75.38,7.63,1
3.77,3.56,0
8.77,4.54,0
25.14,8.03,1
20.39,7.57,1
37.57,8.39,1
54.84,4.59,0
21.52,5.29,0
18.03,6.88,0
42.11,3.79,0
37.93,6.96,0
2.16,5.58,1
45.04,4.77,0
11.58,8.71,1
21.05,7.55,1
20.61,8.81,0
33.42,6.26,0
54.48,10.0,1
24.21,9.14,1
34.45,4.78,1
22.73,8.8,1
22.33,9.38,1
38.27,8.89,1
20.08,6.82,0
14.13,9.1,1
32.66,8.91,0
20.63,7.97,1
36.79,6.68,1
23.05,4.65,1
18.2,6.01,1
44.88,4.84,0
31.32,7.11,0
10.83,5.87,1
18.62,8.2,0
35.28,5.68,0
37.1,6.95,0
31.3,4.37,1
19.7,9.08,1
12.94,9.16,1
36.25,7.37,1
58.87,6.8,1
52.42,5.33,1
40.86,6.06,0
51.44,6.79,0
33.8,9.22,1
36.73,3.94,0
22.78,4.8,0
59.06,5.23,0
29.71,8.98,1
17.6,3.41,0
54.84,8.76,1
44.7,7.81,0
35.68,8.29,1
54.28,9.44,1
23.6,5.85,0
30.55,6.67,0
42.53,7.62,0
18.56,7.2,0
78.38,5.21,1
47.21,6.48,0
5.1,4.45,1
31.68,9.11,0
41.76,8.85,0
17.47,5.02,0
47.18,5.6,1
12.5,7.56,0
34.3,8.11,1
40.62,7.72,1
39.02,6.35,0
2.53,7.57,0
44.63,4.1,1
63.05,5.38,0
6.03,7.04,0
59.26,6.04,0
33.56,9.12,0
63.18,6.61,1
43.91,7.36,0
38.12,7.2,0
22.86,5.74,1
12.11,8.55,1
14.33,7.7,1
22.93,5.75,0
35.55,9.99,1
32.09,4.98,1
32.7,7.1,0
39.24,7.01,1
37.72,10.0,1
58.21,7.23,1
46.83,8.09,1
47.9,5.42,0
14.98,9.36,1
10.43,8.06,0
27.37,9.03,1
34.23,5.86,0
40.2,9.49,1
55.84,2.04,0
47.17,6.82,1
14.43,7.43,1
46.95,5.73,0
39.1,3.42,0
16.96,7.45,1
41.62,6.66,0
34.74,4.81,0
30.1,6.02,1
42.01,4.78,1
21.38,7.3,1
50.46,5.66,0
80.23,3.99,1
58.93,9.11,1
42.17,3.76,1
28.08,7.52,1
10.35,7.8,1
51.56,8.12,0
11.71,9.05,0
22.88,7.85,0
0.76,9.43,1
21.2,0.89,0
24.61,7.8,1
15.22,5.41,1
29.04,5.71,1
3.13,3.42,0
30.55,5.57,0
24.37,5.18,0
36.24,2.92,0
28.19,4.93,0
37.92,8.35,1
20.45,7.07,0
24.72,6.29,1
33.01,6.95,1
56.26,6.59,1
59.42,4.59,0
63.25,9.04,0
39.77,6.98,0
6.09,7.08,1
26.28,2.88,0
29.89,7.54,1
20.61,1.37,1
12.7,10.0,1
24.1,10.0,1
28.92,7.22,1
7.18,8.48,1
23.66,7.87,0
24.7,6.24,1
52.52,4.7,0
10.61,4.75,0
18.64,4.63,0
44.61,5.93,1
36.67,8.52,0
25.33,8.13,1
39.3,6.75,0
4.39,9.57,1
48.72,7.28,0
11.38,7.09,1
29.84,5.52,0
43.06,7.45,0
37.23,10.0,1
9.53,5.7,0
11.27,7.29,0
17.58,5.87,0
42.14,4.85,1
19.9,4.08,0
47.69,4.14,0
25.89,5.5,0
12.85,8.71,1
22.18,6.04,1
33.45,7.69,1
30.55,3.41,1
12.24,5.83,1
55.16,8.74,1
35.38,5.0,0
19.17,6.73,0
51.26,7.04,1
39.45,5.46,1
36.02,6.17,1
56.54,6.34,1
33.37,4.15,0
57.55,6.46,1
45.34,5.89,0
37.26,7.13,1
39.59,6.41,1
11.76,6.01,0
4.2,5.74,1
13.67,8.53,1
86.14,3.32,1
31.53,4.79,1
32.69,7.56,0
32.52,6.16,1
57.7,6.08,0
45.4,9.06,0
37.04,4.89,1
38.71,9.63,1
11.87,8.5,1
42.94,5.96,0
40.94,9.17,0
12.4,6.1,1
4.6,7.14,0
9.54,7.89,0
40.79,5.8,0
8.77,8.62,1
31.34,7.27,0
35.88,9.0,0
19.55,4.32,0
23.08,6.78,0
26.43,2.59,0
32.16,9.3,0
11.27,9.33,0
55.28,8.44,1
29.1,4.5,1
35.24,5.59,1
33.64,10.0,1
49.07,6.46,1
74.07,7.45,1
58.32,6.9,1
0.05,10.0,1
43.94,9.09,1
66.57,7.51,1
12.64,4.63,1
56.61,5.73,0
54.6,5.35,1
0.73,7.55,0
7.9,8.48,1
30.16,4.79,0
38.12,7.46,0
1.17,8.96,0
5.47,5.73,0
38.98,3.83,1
23.36,7.28,0
31.2,3.84,1
45.91,7.86,1
24.46,6.86,0
4.42,5.63,0
34.25,8.09,0
39.32,10.0,1
23.92,3.12,0
13.96,4.5,0
1.23,10.0,1
51.71,4.19,1
22.05,6.58,0
32.5,10.0,1
47.68,4.96,0
28.09,6.69,1
23.38,8.3,0
60.4,6.9,0
48.18,3.83,0
7.11,8.76,0
7.31,6.82,1
24.73,6.45,0
60.65,5.31,1
18.56,7.39,1
57.88,0.74,0
38.9,4.07,0
46.62,5.14,0
52.89,4.32,0
45.85,5.45,0
58.99,5.88,1
65.69,6.17,1
25.87,10.0,0
14.32,6.67,1
20.47,7.34,0
9.61,6.12,1
28.7,5.24,0
44.07,5.47,0
74.41,10.0,1
19.8,6.61,1
28.98,7.49,0
58.93,3.47,0
53.63,8.22,0
18.26,7.34,0
21.53,3.68,0
44.01,7.92,1
20.22,7.61,1
42.94,7.73,0
36.95,6.55,1
62.76,7.37,0
61.91,6.22,1
13.26,8.42,0
53.06,10.0,1
25.37,7.34,1
39.0,8.88,1
9.22,5.05,0
27.23,7.29,0
33.2,5.99,1
19.56,8.67,1
26.26,10.0,1
27.85,6.0,0
27.79,3.42,0
50.05,9.52,0
24.34,8.93,0
55.85,4.81,1
11.91,8.43,1
43.17,5.72,1
4.66,9.35,0
18.76,7.58,1
9.73,5.7,0
10.73,8.7,1
38.68,4.33,1
12.26,6.2,1
6.05,7.71,1
55.25,8.9,1
59.41,7.65,0
39.67,6.83,0
30.44,3.31,1
21.66,7.35,1
40.62,5.45,0
40.93,8.73,1
20.07,7.09,1
6.87,9.22,1
34.28,8.06,0
17.65,10.0,1
36.22,6.87,1
33.08,7.7,0
3.25,8.53,1
40.44,4.88,0
77.49,6.14,0
40.34,8.47,1
20.97,6.82,1
7.37,7.18,0
36.22,9.76,1
9.77,9.17,0
39.57,6.66,0
10.24,7.93,0
24.57,8.52,0
27.39,6.53,0
67.25,7.34,1
33.37,7.01,0
43.66,7.83,1
36.58,8.24,1
64.46,7.55,0
26.5,5.7,0
26.45,8.03,0
71.69,6.49,0
43.0,5.64,0
22.95,4.06,0
25.6,5.73,0
50.24,7.01,0
48.42,8.1,1
29.46,9.67,1
6.5,8.17,0
11.32,9.74,1
59.71,3.98,0
47.3,6.44,0
62.49,5.4,0
28.69,6.14,1
32.04,5.66,0
37.77,6.72,1
33.33,7.95,1
39.32,6.96,0
54.95,6.71,1
45.73,4.9,0
34.08,8.61,1
59.36,5.35,1
12.62,7.9,1
55.2,2.74,1
65.69,7.84,1
22.73,5.22,0
9.64,4.63,0
42.94,6.8,1
38.03,8.85,0
25.11,6.21,1
51.56,5.51,0
27.28,9.85,1
17.74,5.86,1
51.71,7.62,0
70.28,6.59,0
30.83,8.77,1
37.84,6.64,1
27.01,7.09,0
12.74,7.76,1
52.23,5.25,1
4.53,10.0,1
21.83,6.91,0
55.37,5.78,0
40.41,4.29,0
19.69,10.0,0
3.27,5.76,0
46.36,7.35,0
23.42,4.35,0
5.58,5.77,0
43.88,5.71,0
33.88,9.58,1
30.29,5.79,0
3.21,6.39,1
21.01,10.0,1
40.19,6.99,1
63.59,5.43,0
1.84,5.97,1
34.17,9.18,1
28.86,8.8,0
40.76,6.83,0
28.23,3.84,1
7.46,6.67,0
46.98,5.88,1
87.5,2.63,0
30.3,8.15,1
31.96,7.07,1
46.28,6.25,0
58.74,7.99,1
29.75,6.39,0
4.97,6.72,0
55.69,7.95,1
56.27,5.93,0
32.07,5.8,1
21.15,7.45,0
22.88,9.35,1
32.06,6.07,0
21.4,8.03,0
15.09,10.0,1
41.58,10.0,1
14.29,2.58,0
50.93,9.56,1
2.47,5.54,1
5.33,8.79,0
50.68,4.37,0
49.56,10.0,1
47.38,7.43,1
0.53,10.0,0
11.62,6.76,0
17.34,6.86,0
7.87,6.99,1
41.13,5.54,1
53.4,9.19,1
14.79,7.6,0
3.87,8.65,1
22.56,10.0,1
9.5,2.58,0
4.63,4.52,0
39.76,9.08,1
1.56,7.55,0
34.82,5.04,0
7.19,9.69,0
2.77,8.07,0
48.14,4.31,0
41.93,8.0,0
37.47,7.28,1
4.84,9.51,0
16.44,10.0,0
27.25,8.6,1
9.09,7.12,1
29.61,6.85,1
24.7,8.08,1
43.53,6.39,0
46.26,2.67,0
23.26,6.07,1
8.89,10.0,1
8.61,9.09,1
50.81,5.2,0
48.16,9.41,1
45.25,7.43,0
59.68,9.81,1
18.47,8.47,1
35.47,6.95,1
26.64,7.2,0
30.9,5.2,1
1.75,6.83,1
47.18,6.53,1
18.81,6.7,1
8.28,5.93,0
32.95,6.05,0
47.03,10.0,1
7.26,5.63,0
38.75,8.12,1
45.01,5.06,0
46.2,7.39,0
23.43,6.93,1
12.7,9.43,1
13.59,6.79,1
10.99,10.0,1
22.6,7.76,0
41.92,5.55,1
39.09,4.95,1
28.6,8.82,1
31.59,7.24,1
9.73,5.88,0
54.91,7.78,0
1.17,9.18,1
24.73,5.92,1
34.09,8.22,1
38.87,4.04,0
52.21,8.95,0
22.98,5.16,0
26.62,7.08,0
22.08,5.97,1
26.41,8.58,1
5.91,3.83,1
13.39,8.23,1
31.0,6.09,0
24.77,6.35,0
16.21,9.02,1
25.71,7.25,1
32.52,5.61,0
78.42,7.56,1
33.44,7.57,1
42.52,6.92,1
25.56,5.25,0
5.92,9.0,1
30.62,7.42,0
15.15,6.16,0
21.84,7.99,1
14.51,10.0,1
64.46,6.91,1
34.25,7.29,0
16.54,5.46,0
45.74,6.68,1
34.62,5.39,1
15.49,8.49,1
18.49,8.54,0
0.68,6.72,0
11.08,10.0,1
58.78,7.31,0
57.95,6.32,1
19.42,6.24,0
11.84,7.65,0
3.82,5.3,0
6.79,6.53,0
11.49,5.13,1
60.26,7.07,0
3.04,6.35,1
67.46,8.21,1
6.33,6.1,0
30.08,6.66,1
51.62,2.66,0
3.49,8.48,1
36.58,7.28,0
66.35,5.58,0
30.03,7.24,0
68.17,4.29,0
43.81,4.96,0
35.29,6.69,1
36.41,10.0,1
36.27,8.76,0
4.54,5.31,0
11.23,5.77,0
63.69,4.39,1
25.01,4.81,0
27.37,8.44,0
23.07,7.69,0
19.43,5.01,0
27.22,5.3,0
21.54,10.0,1
46.01,7.65,0
15.11,6.78,0
23.73,6.01,1
40.7,7.33,0
25.03,8.39,1
21.18,7.71,1
4.23,7.39,0
23.18,10.0,1
32.64,9.57,0
21.92,7.02,0
26.78,6.64,0
28.07,6.73,0
35.26,5.58,0
30.95,8.41,0
35.78,7.82,1
10.26,4.6,1
2.14,9.86,1
89.15,3.09,0
42.87,4.59,0
36.1,6.71,1
13.3,6.98,1
49.65,2.44,0
31.64,5.55,1
8.8,9.06,1
26.9,6.57,0
16.1,9.69,1
45.1,7.21,0
24.49,5.94,1
42.12,4.74,0
52.44,8.11,0
0.13,8.33,0
42.71,8.88,1
53.27,9.41,1
67.46,5.66,0
50.25,5.75,0
48.02,6.21,0
44.59,6.27,1
61.33,4.21,0
12.55,9.18,1
49.83,8.2,0
6.87,6.65,1
27.71,7.85,1
21.31,7.52,1
34.5,4.56,0
12.01,7.51,1
42.67,8.26,1
33.2,6.67,1
25.63,2.98,0
42.81,4.53,1
42.3,8.37,1
42.98,3.67,0
39.25,6.97,1
24.62,7.05,1
7.39,7.9,0
31.7,8.22,1
27.31,6.33,1
32.44,5.28,0
8.82,10.0,1
25.33,4.21,0
10.11,6.91,0
18.22,9.73,1
81.49,3.7,1
37.29,5.99,1
32.98,10.0,1
15.24,4.13,0
0.9,6.66,0
76.55,3.82,0
54.97,6.07,0
59.96,4.64,1
30.17,5.42,0
27.04,3.38,0
13.51,8.06,0
33.99,10.0,1
8.0,7.18,1
35.88,9.31,1
17.87,9.62,1
42.66,7.36,0
18.95,4.98,1
6.59,10.0,0
10.6,10.0,1
35.51,6.69,0
13.41,5.07,0
22.43,10.0,1
36.85,9.12,1
34.71,6.57,1
53.78,1.98,0
34.86,4.84,0
44.45,10.0,0
52.08,3.57,0
42.11,2.77,0
7.25,6.39,1
45.02,7.42,1
37.61,6.78,0
38.87,8.71,1
39.35,2.76,1
28.62,6.47,1
42.4,8.09,1
19.06,3.7,0
2.75,5.47,1
52.27,5.79,1
31.25,7.05,1
36.97,4.19,0
62.4,7.01,0
10.4,7.0,1
20.85,9.16,0
75.52,5.88,0
35.25,4.18,1
25.69,2.7,0
40.08,4.08,1
35.25,10.0,1
58.76,3.98,1
20.78,10.0,1
37.04,9.5,1
34.47,10.0,0
56.71,8.1,1
63.03,6.57,1
12.23,5.14,0
42.54,5.27,1
31.77,7.5,1
23.83,5.06,1
36.49,1.7,1
5.43,5.19,0
6.51,8.62,0
42.64,3.86,0
32.26,8.08,0
7.15,5.43,0
42.57,8.61,0
30.71,8.08,1
4.07,5.45,1
20.6,4.93,1
37.01,9.55,1
1.8,8.45,1
24.92,7.87,0
54.61,7.06,0
11.73,4.4,0
18.94,7.94,0
6.94,6.85,0
4.65,10.0,1
19.08,6.45,0
5.86,7.0,0
34.36,5.46,0
16.69,9.03,1
21.81,9.99,1
50.85,8.63,0
10.55,4.65,0
35.89,7.54,0
23.92,7.11,0
60.17,3.21,1
9.26,7.38,0
15.57,10.0,1
39.38,4.3,1
46.65,4.42,0
41.12,8.53,0
46.18,7.53,1
8.53,9.46,1
26.56,5.37,1
36.73,8.94,1
24.25,3.46,0
26.33,4.61,1
36.49,5.39,0
60.65,4.21,1
27.17,8.15,1
34.49,4.94,0
34.74,6.76,1
5.65,6.79,1
22.49,9.69,1
59.45,8.51,1
44.06,7.89,0
25.56,8.51,1
31.51,7.34,1
9.97,9.58,1
10.71,8.02,1
43.2,4.93,0
48.03,5.61,0
34.65,3.37,1
43.92,4.74,0
38.78,9.09,1
63.79,7.79,0
32.43,5.35,0
1.85,9.82,1
43.21,8.82,0
88.12,3.31,1
57.82,8.58,1
30.86,8.2,1
40.47,9.49,0
63.09,8.9,1
11.64,8.85,1
27.57,5.29,0
56.59,9.12,0
21.06,6.38,1
64.25,10.0,1
43.74,6.72,1
48.05,5.53,0
40.7,7.41,0
49.64,9.52,1
39.7,5.99,1
61.83,6.88,1
4.76,10.0,1
49.02,8.49,1
90.37,5.64,1
41.67,10.0,1
62.88,5.97,1
21.58,7.19,0
11.06,3.86,1
15.14,5.54,1
31.13,3.53,0
37.14,10.0,0
35.03,5.42,0
7.27,4.2,0
28.24,9.03,0
68.26,5.75,1
16.7,3.06,1
52.53,7.81,0
28.16,7.3,1
29.0,6.98,0
38.96,6.82,0
21.4,6.66,0
36.52,10.0,1
63.01,7.45,1
62.68,8.26,1
68.38,6.48,1
27.96,5.55,1
53.47,6.14,1
36.18,5.97,1
39.31,4.99,0
35.07,6.92,1
46.53,6.42,0
61.99,8.96,1
38.62,5.63,0
42.51,4.47,1
21.26,7.19,1
24.47,7.4,0
17.09,5.54,0
47.53,7.86,0
5.35,5.94,1
45.7,9.95,1
40.21,5.95,1
0.98,8.04,1
16.36,7.77,1
46.15,7.37,0
38.48,7.68,1
9.16,5.31,1
14.49,7.09,0
19.93,3.52,1
5.54,8.19,1
57.22,10.0,1
37.86,4.02,1
34.96,5.15,0
39.13,4.92,0
53.89,5.09,0
5.05,7.54,1
39.86,6.61,1
37.07,7.01,0
45.84,5.56,0
10.59,6.09,0
25.04,6.36,1
6.65,7.61,0
25.89,4.86,1
21.95,8.67,1
13.6,5.24,0
55.41,7.06,1
17.07,6.58,1
23.46,6.33,1
45.08,6.71,0
76.02,3.39,0
28.4,6.74,1
20.2,7.99,0
52.71,10.0,1
34.43,8.54,0
23.34,5.16,1
4.39,7.69,1
40.19,8.64,0
22.76,9.15,1
18.53,6.3,0
37.87,6.24,1
35.99,7.25,1
43.37,3.92,1
2.22,10.0,1
28.67,7.02,0
41.32,9.89,1
37.23,7.79,0
39.6,6.44,0
53.36,0.22,1
27.08,10.0,1
29.82,7.45,1
51.19,6.76,1
11.19,10.0,1
34.18,3.75,0
14.71,8.28,0
7.17,10.0,1
35.75,9.12,1
4.32,3.63,0
30.9,3.13,0
69.02,4.01,0
15.18,6.56,1
19.58,10.0,1
32.39,4.65,0
16.95,10.0,0
29.79,7.98,1
13.57,8.24,0
51.66,8.91,1
42.01,6.45,0
32.1,5.15,0
39.84,10.0,1
32.2,9.12,1
4.88,4.77,1
35.29,5.08,1
7.99,7.75,1
15.38,10.0,0
26.11,5.14,1
5.94,7.77,0
4.65,7.96,1
36.07,8.59,1
23.1,9.22,1
7.05,9.78,0
50.65,2.56,0
20.31,9.98,1
20.93,4.91,0
41.0,3.58,1
57.26,6.88,1
42.02,7.9,0
31.44,4.99,0
25.19,9.61,1
14.35,8.28,0
48.65,6.64,1
13.47,6.53,1
12.86,7.94,1
34.64,7.71,1
22.86,7.33,1
7.71,9.45,1
23.76,7.25,1
12.32,9.88,0
60.39,7.2,1
46.96,6.64,0
30.0,3.95,0
26.04,6.39,1
24.44,4.36,0
30.14,6.2,1
33.14,6.62,0
3.19,5.89,1
41.03,7.33,0
30.23,10.0,1
7.62,6.22,0
51.75,7.2,0
52.25,4.44,0
48.47,7.96,1
45.16,7.72,1
45.63,5.29,0
23.97,6.56,0
27.16,9.17,0
61.37,7.06,0
35.69,4.19,1
49.67,5.97,0
34.48,7.16,0
30.92,5.4,0
37.26,7.41,0
2.37,5.76,1
67.67,7.7,1
62.0,4.28,0
48.69,7.04,1
41.06,6.64,0
18.35,7.18,1
41.54,8.13,1
44.32,5.34,0
19.43,3.74,0
23.69,3.81,1
27.22,7.36,0
42.88,9.02,1
10.5,7.74,0
1.34,8.68,0
8.61,6.14,0
3.73,8.05,0
27.23,7.01,0
16.48,5.77,0
36.01,8.38,0
46.21,2.49,0
33.08,6.64,0
0.18,8.71,0
99.73,3.48,0
53.0,4.29,1
45.63,6.23,1
15.02,6.47,1
9.82,6.12,0
35.82,5.33,1
54.15,6.08,0
37.2,8.44,1
30.75,7.22,1
35.1,4.02,1
29.2,8.08,0
4.28,5.74,1
70.45,10.0,1
64.47,6.07,0
24.98,3.32,0
4.4,9.33,0
19.77,7.13,0
49.3,4.21,0
51.51,6.75,0
53.09,9.35,0
11.54,10.0,1
33.29,5.17,1
28.03,8.69,1
18.41,6.17,1
45.22,7.04,0
43.47,5.62,1
20.14,10.0,0
43.01,4.24,0
17.84,4.36,1
47.28,7.31,1
23.49,8.3,1
51.98,7.59,1
17.28,5.7,0
