0,1,2,3,4,5,6,7,8,9,10,11,12,13,14,15,16,17,18,19,20,21,22,23,24,25,26,27,28,29,30,31,32,33,label
3,29,29,29,1181,1182,13,37,3,1183,1184,395,141,0,0,0,0,0,0,0,0,0,0,0,0,0,0,0,0,0,0,0,0,0,0
27,510,52,12,61,396,2,709,56,48,2,331,1185,283,5,710,711,49,0,0,0,0,0,0,0,0,0,0,0,0,0,0,0,0,0
1186,1187,21,204,228,4,332,229,712,2,13,284,713,51,61,333,19,2,45,12,285,4,2,68,4,253,205,1188,0,0,0,0,0,0,0
29,114,142,48,254,10,511,5,0,0,0,0,0,0,0,0,0,0,0,0,0,0,0,0,0,0,0,0,0,0,0,0,0,0,0
2,75,129,11,2,13,12,69,1189,6,397,10,184,3,398,14,714,715,185,46,716,0,0,0,0,0,0,0,0,0,0,0,0,0,1
2,399,5,2,13,286,154,717,512,43,22,37,1190,9,334,8,335,76,22,718,0,0,0,0,0,0,0,0,0,0,0,0,0,0,0
255,143,400,0,0,0,0,0,0,0,0,0,0,0,0,0,0,0,0,0,0,0,0,0,0,0,0,0,0,0,0,0,0,0,0
155,2,13,513,4,168,9,12,3,33,1191,33,1192,18,230,0,0,0,0,0,0,0,0,0,0,0,0,0,0,0,0,0,0,0,1
3,336,186,0,0,0,0,0,0,0,0,0,0,0,0,0,0,0,0,0,0,0,0,0,0,0,0,0,0,0,0,0,0,0,0
187,2,287,5,719,1193,19,2,1194,1195,0,0,0,0,0,0,0,0,0,0,0,0,0,0,0,0,0,0,0,0,0,0,0,0,1
4,156,1196,1197,53,720,0,0,0,0,0,0,0,0,0,0,0,0,0,0,0,0,0,0,0,0,0,0,0,0,0,0,0,0,1
2,13,514,3,206,5,1198,34,22,75,70,9,104,29,721,0,0,0,0,0,0,0,0,0,0,0,0,0,0,0,0,0,0,0,1
2,401,53,2,75,4,2,1199,53,31,337,0,0,0,0,0,0,0,0,0,0,0,0,0,0,0,0,0,0,0,0,0,0,0,1
9,12,31,256,0,0,0,0,0,0,0,0,0,0,0,0,0,0,0,0,0,0,0,0,0,0,0,0,0,0,0,0,0,0,1
7,6,3,29,144,24,722,13,14,515,121,205,144,11,77,338,0,0,0,0,0,0,0,0,0,0,0,0,0,0,0,0,0,0,1
9,100,71,516,45,42,2,517,1200,4,9,12,3,402,339,19,25,723,79,57,0,0,0,0,0,0,0,0,0,0,0,0,0,0,0
7,724,6,231,1201,340,8,403,3,404,5,143,725,10,38,2,341,518,15,66,70,0,0,0,0,0,0,0,0,0,0,0,0,0,1
405,342,7,519,105,1202,95,13,11,726,5,1203,232,45,1204,288,207,48,95,82,727,5,728,0,0,0,0,0,0,0,0,0,0,0,1
22,1205,289,11,32,5,115,3,406,729,11,3,520,5,521,730,0,0,0,0,0,0,0,0,0,0,0,0,0,0,0,0,0,0,1
1303,17,175,416,7,430,196,5,1304,89,103,19,1305,39,2,1306,1307,216,545,22,772,1308,13,1309,52,546,11,2,29,1310,13,773,5,1311,0
7,43,2,179,13,158,547,3,117,10,11,133,0,0,0,0,0,0,0,0,0,0,0,0,0,0,0,0,0,0,0,0,0,0,1
43,36,12,66,3,13,14,774,1312,10,1313,7,6,9,0,0,0,0,0,0,0,0,0,0,0,0,0,0,0,0,0,0,0,0,1
351,2,15,6,162,4,1314,0,0,0,0,0,0,0,0,0,0,0,0,0,0,0,0,0,0,0,0,0,0,0,0,0,0,0,1
548,9,12,1315,4,1316,22,1317,171,775,44,0,0,0,0,0,0,0,0,0,0,0,0,0,0,0,0,0,0,0,0,0,0,0,1
174,7,23,3,104,0,0,0,0,0,0,0,0,0,0,0,0,0,0,0,0,0,0,0,0,0,0,0,0,0,0,0,0,0,1
8,352,9,3,117,0,0,0,0,0,0,0,0,0,0,0,0,0,0,0,0,0,0,0,0,0,0,0,0,0,0,0,0,0,1
2,549,4,2,550,6,63,261,4,776,551,0,0,0,0,0,0,0,0,0,0,0,0,0,0,0,0,0,0,0,0,0,0,0,1
9,6,3,406,307,0,0,0,0,0,0,0,0,0,0,0,0,0,0,0,0,0,0,0,0,0,0,0,0,0,0,0,0,0,1
9,190,777,49,10,38,150,552,19,258,19,1318,1319,72,132,0,0,0,0,0,0,0,0,0,0,0,0,0,0,0,0,0,0,0,1
217,148,553,49,0,0,0,0,0,0,0,0,0,0,0,0,0,0,0,0,0,0,0,0,0,0,0,0,0,0,0,0,0,0,1
2,778,12,2,81,0,0,0,0,0,0,0,0,0,0,0,0,0,0,0,0,0,0,0,0,0,0,0,0,0,0,0,0,0,0
9,12,1320,0,0,0,0,0,0,0,0,0,0,0,0,0,0,0,0,0,0,0,0,0,0,0,0,0,0,0,0,0,0,0,0
36,12,134,302,37,9,34,32,0,0,0,0,0,0,0,0,0,0,0,0,0,0,0,0,0,0,0,0,0,0,0,0,0,0,0
2,64,264,8,12,193,12,2,1321,34,30,60,1322,2,1323,53,0,0,0,0,0,0,0,0,0,0,0,0,0,0,0,0,0,0,0
1324,42,779,6,3,353,15,14,6,127,186,4,767,34,2,354,44,0,0,0,0,0,0,0,0,0,0,0,0,0,0,0,0,0,1
2,106,26,350,108,4,431,554,19,2,56,1325,124,780,4,234,73,26,218,0,0,0,0,0,0,0,0,0,0,0,0,0,0,0,1
2,111,5,1326,112,26,61,80,30,3,1327,1328,0,0,0,0,0,0,0,0,0,0,0,0,0,0,0,0,0,0,0,0,0,0,1
1329,1330,303,5,2,1331,6,127,554,4,108,34,2,354,44,21,49,555,345,5,1332,48,2,781,0,0,0,0,0,0,0,0,0,0,1
43,25,26,556,18,3,13,21,3,353,111,71,33,1333,3,1334,1335,1336,5,2,84,25,104,1337,4,35,782,180,174,7,23,3,432,0,1
8,74,96,25,99,38,284,0,0,0,0,0,0,0,0,0,0,0,0,0,0,0,0,0,0,0,0,0,0,0,0,0,0,0,1
783,151,1338,1339,4,1340,9,12,236,5,557,10,118,784,4,1341,11,7,15,76,9,6,28,0,0,0,0,0,0,0,0,0,0,0,0
2,45,12,28,2,1342,53,433,1343,4,1344,0,0,0,0,0,0,0,0,0,0,0,0,0,0,0,0,0,0,0,0,0,0,0,0
9,12,107,186,51,18,3,785,294,0,0,0,0,0,0,0,0,0,0,0,0,0,0,0,0,0,0,0,0,0,0,0,0,0,0
107,1345,1346,0,0,0,0,0,0,0,0,0,0,0,0,0,0,0,0,0,0,0,0,0,0,0,0,0,0,0,0,0,0,0,0
29,786,0,0,0,0,0,0,0,0,0,0,0,0,0,0,0,0,0,0,0,0,0,0,0,0,0,0,0,0,0,0,0,0,0
2,64,152,47,148,91,12,2,558,4,2,559,76,9,6,170,0,0,0,0,0,0,0,0,0,0,0,0,0,0,0,0,0,0,1
8,85,784,20,158,119,83,92,11,3,13,7,787,0,0,0,0,0,0,0,0,0,0,0,0,0,0,0,0,0,0,0,0,0,0
35,355,4,3,283,8,560,8,98,788,434,0,0,0,0,0,0,0,0,0,0,0,0,0,0,0,0,0,0,0,0,0,0,0,0
20,11,726,5,2,149,22,29,789,4,790,0,0,0,0,0,0,0,0,0,0,0,0,0,0,0,0,0,0,0,0,0,0,0,1
2,45,791,2,149,561,29,63,435,2,1347,1348,98,40,163,197,109,4,9,6,3,97,356,10,118,0,0,0,0,0,0,0,0,0,1
2,207,4,2,232,546,188,19,33,0,0,0,0,0,0,0,0,0,0,0,0,0,0,0,0,0,0,0,0,0,0,0,0,0,0
2,13,12,31,219,14,8,436,238,240,792,1349,11,2,1350,793,5,91,119,562,437,3,1351,13,357,0,0,0,0,0,0,0,0,0,0
4,436,9,12,31,557,14,8,100,10,104,348,0,0,0,0,0,0,0,0,0,0,0,0,0,0,0,0,0,0,0,0,0,0,0
2,207,563,107,430,0,0,0,0,0,0,0,0,0,0,0,0,0,0,0,0,0,0,0,0,0,0,0,0,0,0,0,0,0,0
2,106,21,2,1352,1353,26,3,1354,0,0,0,0,0,0,0,0,0,0,0,0,0,0,0,0,0,0,0,0,0,0,0,0,0,0
4,428,2,253,4,68,6,1355,80,2,516,564,0,0,0,0,0,0,0,0,0,0,0,0,0,0,0,0,0,0,0,0,0,0,0
241,129,234,73,1356,424,48,27,10,1357,2,1358,52,1359,12,794,18,2,1360,6,530,266,47,135,0,0,0,0,0,0,0,0,0,0,0
71,1361,181,38,547,10,2,1362,198,0,0,0,0,0,0,0,0,0,0,0,0,0,0,0,0,0,0,0,0,0,0,0,0,0,1
8,47,195,14,0,0,0,0,0,0,0,0,0,0,0,0,0,0,0,0,0,0,0,0,0,0,0,0,0,0,0,0,0,0,1
3,50,15,39,3,50,199,0,0,0,0,0,0,0,0,0,0,0,0,0,0,0,0,0,0,0,0,0,0,0,0,0,0,0,1
2,13,100,25,24,2,795,5,77,1363,4,70,25,796,797,10,132,10,77,1364,34,2,200,5,2,358,0,0,0,0,0,0,0,0,1
2,142,11,2,15,6,47,308,107,0,0,0,0,0,0,0,0,0,0,0,0,0,0,0,0,0,0,0,0,0,0,0,0,0,1
309,798,123,10,132,4,57,9,0,0,0,0,0,0,0,0,0,0,0,0,0,0,0,0,0,0,0,0,0,0,0,0,0,0,1
310,0,0,0,0,0,0,0,0,0,0,0,0,0,0,0,0,0,0,0,0,0,0,0,0,0,0,0,0,0,0,0,0,0,1
565,0,0,0,0,0,0,0,0,0,0,0,0,0,0,0,0,0,0,0,0,0,0,0,0,0,0,0,0,0,0,0,0,0,1
8,195,7,13,84,107,102,0,0,0,0,0,0,0,0,0,0,0,0,0,0,0,0,0,0,0,0,0,0,0,0,0,0,0,1
58,64,778,6,8,168,2,192,311,2,1365,12,3,402,312,1366,1367,0,0,0,0,0,0,0,0,0,0,0,0,0,0,0,0,0,0
9,1368,58,359,4,6,235,3,267,57,18,123,21,62,1369,48,1370,1371,0,0,0,0,0,0,0,0,0,0,0,0,0,0,0,0,1
198,7,89,87,105,18,2,268,14,351,7,12,3,799,219,13,0,0,0,0,0,0,0,0,0,0,0,0,0,0,0,0,0,0,0
12,62,438,201,1372,1373,4,800,801,11,7,15,4,8,360,220,313,54,88,403,51,1374,46,1375,18,7,785,14,54,802,12,1376,49,39,0
36,53,803,804,11,2,13,14,30,89,805,10,38,36,4,53,1377,439,566,0,0,0,0,0,0,0,0,0,0,0,0,0,0,0,0
7,12,3,285,567,5,58,75,806,1378,0,0,0,0,0,0,0,0,0,0,0,0,0,0,0,0,0,0,0,0,0,0,0,0,0
32,11,32,3,50,807,0,0,0,0,0,0,0,0,0,0,0,0,0,0,0,0,0,0,0,0,0,0,0,0,0,0,0,0,0
8,808,242,14,2,112,1379,10,103,7,15,0,0,0,0,0,0,0,0,0,0,0,0,0,0,0,0,0,0,0,0,0,0,0,0
8,98,27,809,10,51,118,9,18,29,231,18,568,5,810,811,0,0,0,0,0,0,0,0,0,0,0,0,0,0,0,0,0,0,0
8,335,14,569,34,2,1380,14,1381,7,1382,221,9,357,812,9,24,0,0,0,0,0,0,0,0,0,0,0,0,0,0,0,0,0,0
1383,813,64,132,19,402,17,18,136,22,44,10,137,71,542,1384,11,36,18,1385,164,19,237,0,0,0,0,0,0,0,0,0,0,0,0
8,155,1386,440,358,4,9,12,35,1387,269,0,0,0,0,0,0,0,0,0,0,0,0,0,0,0,0,0,0,0,0,0,0,0,0
441,1388,5,361,1389,14,129,151,129,1390,21,114,11,2,84,5,814,815,48,570,0,0,0,0,0,0,0,0,0,0,0,0,0,0,0
237,26,2,816,817,5,2,15,4,73,26,818,1391,1392,4,21,62,442,5,443,0,0,0,0,0,0,0,0,0,0,0,0,0,0,0
32,2,150,819,11,2,359,808,87,105,18,3,196,5,110,14,6,820,34,2,821,0,0,0,0,0,0,0,0,0,0,0,0,0,0
9,6,35,355,4,283,130,5,44,822,3,823,5,29,150,824,1393,1394,4,1395,37,191,0,0,0,0,0,0,0,0,0,0,0,0,0
25,157,1396,21,115,825,25,444,79,220,115,0,0,0,0,0,0,0,0,0,0,0,0,0,0,0,0,0,0,0,0,0,0,0,0
7,6,217,3,362,307,63,148,826,4,1397,21,1398,0,0,0,0,0,0,0,0,0,0,0,0,0,0,0,0,0,0,0,0,0,1
7,13,6,3,530,827,2,67,6,135,4,2,288,6,2,176,8,40,83,9,1399,25,571,0,0,0,0,0,0,0,0,0,0,0,0
2,1400,6,768,70,4,71,5,22,1401,545,26,1402,3,1403,363,11,2,15,0,0,0,0,0,0,0,0,0,0,0,0,0,0,0,0
3,222,222,28,15,0,0,0,0,0,0,0,0,0,0,0,0,0,0,0,0,0,0,0,0,0,0,0,0,0,0,0,0,0,0
2,45,6,165,4,2,149,6,182,0,0,0,0,0,0,0,0,0,0,0,0,0,0,0,0,0,0,0,0,0,0,0,0,0,0
2,64,572,84,7,13,98,38,1404,88,38,19,1405,1406,0,0,0,0,0,0,0,0,0,0,0,0,0,0,0,0,0,0,0,0,0
8,828,107,102,0,0,0,0,0,0,0,0,0,0,0,0,0,0,0,0,0,0,0,0,0,0,0,0,0,0,0,0,0,0,0
78,22,3,97,1407,10,57,1408,829,311,830,1409,0,0,0,0,0,0,0,0,0,0,0,0,0,0,0,0,0,0,0,0,0,0,1
9,12,31,219,0,0,0,0,0,0,0,0,0,0,0,0,0,0,0,0,0,0,0,0,0,0,0,0,0,0,0,0,0,0,0
62,68,573,0,0,0,0,0,0,0,0,0,0,0,0,0,0,0,0,0,0,0,0,0,0,0,0,0,0,0,0,0,0,0,0
153,62,68,34,32,0,0,0,0,0,0,0,0,0,0,0,0,0,0,0,0,0,0,0,0,0,0,0,0,0,0,0,0,0,0
314,0,0,0,0,0,0,0,0,0,0,0,0,0,0,0,0,0,0,0,0,0,0,0,0,0,0,0,0,0,0,0,0,0,0
176,355,4,3,283,5,58,1410,58,1411,0,0,0,0,0,0,0,0,0,0,0,0,0,0,0,0,0,0,0,0,0,0,0,0,0
8,100,10,1412,49,5,2,1413,18,3,315,243,30,10,137,71,1414,0,0,0,0,0,0,0,0,0,0,0,0,0,0,0,0,0,0
8,831,65,41,14,0,0,0,0,0,0,0,0,0,0,0,0,0,0,0,0,0,0,0,0,0,0,0,0,0,0,0,0,0,0
832,2,13,150,102,316,0,0,0,0,0,0,0,0,0,0,0,0,0,0,0,0,0,0,0,0,0,0,0,0,0,0,0,0,0
36,6,62,68,48,445,0,0,0,0,0,0,0,0,0,0,0,0,0,0,0,0,0,0,0,0,0,0,0,0,0,0,0,0,0
43,25,103,132,57,7,13,788,3,1415,48,3,1416,10,446,25,792,185,49,0,0,0,0,0,0,0,0,0,0,0,0,0,0,0,0
136,0,0,0,0,0,0,0,0,0,0,0,0,0,0,0,0,0,0,0,0,0,0,0,0,0,0,0,0,0,0,0,0,0,0
8,74,96,158,66,1417,10,3,13,4,833,9,19,102,0,0,0,0,0,0,0,0,0,0,0,0,0,0,0,0,0,0,0,0,0
9,12,3,33,152,14,2,1418,64,750,834,1419,76,8,88,38,835,43,309,40,828,1420,10,57,7,293,0,0,0,0,0,0,0,0,0
569,1421,21,237,56,76,425,32,836,1422,4,837,48,838,1423,0,0,0,0,0,0,0,0,0,0,0,0,0,0,0,0,0,0,0,0
7,6,3,28,15,21,28,149,4,33,1424,1425,574,839,39,575,1426,18,131,52,157,1427,254,20,2,790,1428,11,1429,527,1430,21,1431,0,0
1432,6,3,840,114,134,14,1433,1434,20,1435,25,134,43,25,447,138,841,4,1436,26,28,161,0,0,0,0,0,0,0,0,0,0,0,0
139,8,103,41,7,13,18,22,1437,5,576,244,27,169,65,49,36,41,7,23,0,0,0,0,0,0,0,0,0,0,0,0,0,0,1
77,577,99,448,10,1438,19,172,5,3,1439,1440,5,1441,0,0,0,0,0,0,0,0,0,0,0,0,0,0,0,0,0,0,0,0,0
8,12,578,1442,42,2,269,5,91,7,15,4,8,842,3,33,143,400,10,1443,1444,0,0,0,0,0,0,0,0,0,0,0,0,0,0
7,13,194,1445,1446,5,2,1447,4,1448,19,172,5,2,1449,1450,5,266,72,0,0,0,0,0,0,0,0,0,0,0,0,0,0,0,0
8,235,103,27,449,7,1451,11,3,33,84,0,0,0,0,0,0,0,0,0,0,0,0,0,0,0,0,0,0,0,0,0,0,0,0
8,449,7,11,3,165,84,0,0,0,0,0,0,0,0,0,0,0,0,0,0,0,0,0,0,0,0,0,0,0,0,0,0,0,0
7,15,55,62,843,579,0,0,0,0,0,0,0,0,0,0,0,0,0,0,0,0,0,0,0,0,0,0,0,0,0,0,0,0,0
121,6,844,0,0,0,0,0,0,0,0,0,0,0,0,0,0,0,0,0,0,0,0,0,0,0,0,0,0,0,0,0,0,0,0
1452,450,1453,580,364,21,2,1454,845,733,1455,0,0,0,0,0,0,0,0,0,0,0,0,0,0,0,0,0,0,0,0,0,0,0,0
2,67,6,365,135,0,0,0,0,0,0,0,0,0,0,0,0,0,0,0,0,0,0,0,0,0,0,0,0,0,0,0,0,0,0
2,81,6,12,36,3,81,0,0,0,0,0,0,0,0,0,0,0,0,0,0,0,0,0,0,0,0,0,0,0,0,0,0,0,0
2,230,26,304,0,0,0,0,0,0,0,0,0,0,0,0,0,0,0,0,0,0,0,0,0,0,0,0,0,0,0,0,0,0,0
2,366,141,6,1456,0,0,0,0,0,0,0,0,0,0,0,0,0,0,0,0,0,0,0,0,0,0,0,0,0,0,0,0,0,0
421,451,1457,24,95,409,7,6,1458,10,452,0,0,0,0,0,0,0,0,0,0,0,0,0,0,0,0,0,0,0,0,0,0,0,0
405,51,145,9,153,7,6,452,0,0,0,0,0,0,0,0,0,0,0,0,0,0,0,0,0,0,0,0,0,0,0,0,0,0,0
435,36,88,38,3,1459,846,18,7,1460,0,0,0,0,0,0,0,0,0,0,0,0,0,0,0,0,0,0,0,0,0,0,0,0,0
27,3,1461,1462,5,1463,0,0,0,0,0,0,0,0,0,0,0,0,0,0,0,0,0,0,0,0,0,0,0,0,0,0,0,0,0
202,1464,0,0,0,0,0,0,0,0,0,0,0,0,0,0,0,0,0,0,0,0,0,0,0,0,0,0,0,0,0,0,0,0,0
43,7,453,317,135,213,76,9,6,0,0,0,0,0,0,0,0,0,0,0,0,0,0,0,0,0,0,0,0,0,0,0,0,0,0
525,22,14,28,0,0,0,0,0,0,0,0,0,0,0,0,0,0,0,0,0,0,0,0,0,0,0,0,0,0,0,0,0,0,0
134,34,32,10,146,0,0,0,0,0,0,0,0,0,0,0,0,0,0,0,0,0,0,0,0,0,0,0,0,0,0,0,0,0,0
35,125,166,42,1465,0,0,0,0,0,0,0,0,0,0,0,0,0,0,0,0,0,0,0,0,0,0,0,0,0,0,0,0,0,1
1466,52,514,144,203,2,1467,14,92,1468,98,1469,120,42,2,367,847,8,848,10,57,71,5,92,367,110,20,1470,160,454,10,38,1471,115,1
22,78,50,10,57,14,1472,367,581,1473,1474,1475,849,3,850,218,42,367,10,317,0,0,0,0,0,0,0,0,0,0,0,0,0,0,1
7,13,1476,76,5,2,149,9,774,61,264,0,0,0,0,0,0,0,0,0,0,0,0,0,0,0,0,0,0,0,0,0,0,0,0
36,53,107,140,1477,582,0,0,0,0,0,0,0,0,0,0,0,0,0,0,0,0,0,0,0,0,0,0,0,0,0,0,0,0,0
20,82,80,14,2,13,583,10,1478,4,2,1479,89,47,110,18,124,851,0,0,0,0,0,0,0,0,0,0,0,0,0,0,0,0,0
20,7,13,6,217,3,1480,516,312,0,0,0,0,0,0,0,0,0,0,0,0,0,0,0,0,0,0,0,0,0,0,0,0,0,0
1491,151,16,859,1492,215,6,455,456,17,46,166,6,189,860,17,54,1493,2,15,30,19,1494,861,1495,1496,862,4,1497,861,50,1498,5,1499,1
20,515,3,1656,4,350,333,67,3,823,5,1657,106,430,147,241,25,137,2,176,236,5,3,13,14,71,82,921,29,1658,1659,19,430,293,0
79,64,145,22,77,479,4,77,443,25,539,247,10,432,4,87,71,620,5,7,923,448,22,11,276,324,924,10,432,4,87,620,5,161,0
23,61,152,8,79,1660,1661,1662,29,63,175,32,18,1663,851,4,1664,5,1665,20,2,1666,925,86,12,30,107,102,0,0,0,0,0,0,0
7,6,164,3,345,4,108,13,0,0,0,0,0,0,0,0,0,0,0,0,0,0,0,0,0,0,0,0,0,0,0,0,0,0,1
202,480,34,32,712,0,0,0,0,0,0,0,0,0,0,0,0,0,0,0,0,0,0,0,0,0,0,0,0,0,0,0,0,0,1
9,579,35,1667,1668,5,386,1669,20,1670,926,0,0,0,0,0,0,0,0,0,0,0,0,0,0,0,0,0,0,0,0,0,0,0,1
31,18,276,1671,226,137,10,57,115,775,277,210,621,4,38,927,0,0,0,0,0,0,0,0,0,0,0,0,0,0,0,0,0,0,1
9,51,55,22,1672,804,0,0,0,0,0,0,0,0,0,0,0,0,0,0,0,0,0,0,0,0,0,0,0,0,0,0,0,0,1
2,1673,1674,141,12,47,108,4,46,928,10,2,926,4,1675,1676,53,222,622,0,0,0,0,0,0,0,0,0,0,0,0,0,0,0,1
32,2,56,11,7,15,26,799,63,197,0,0,0,0,0,0,0,0,0,0,0,0,0,0,0,0,0,0,0,0,0,0,0,0,1
4,8,47,173,184,115,108,0,0,0,0,0,0,0,0,0,0,0,0,0,0,0,0,0,0,0,0,0,0,0,0,0,0,0,1
7,6,190,3,29,623,13,0,0,0,0,0,0,0,0,0,0,0,0,0,0,0,0,0,0,0,0,0,0,0,0,0,0,0,1
36,6,3,310,929,180,0,0,0,0,0,0,0,0,0,0,0,0,0,0,0,0,0,0,0,0,0,0,0,0,0,0,0,0,1
150,108,17,1706,1707,6,29,1708,17,2,230,26,29,256,107,17,20,1709,1710,6,27,51,28,169,10,87,9,10,2,1711,5,628,165,65,0
22,30,347,0,0,0,0,0,0,0,0,0,0,0,0,0,0,0,0,0,0,0,0,0,0,0,0,0,0,0,0,0,0,0,0
2,938,52,378,629,100,109,147,21,46,1712,1713,55,9,144,0,0,0,0,0,0,0,0,0,0,0,0,0,0,0,0,0,0,0,0
121,37,7,13,6,135,0,0,0,0,0,0,0,0,0,0,0,0,0,0,0,0,0,0,0,0,0,0,0,0,0,0,0,0,0
51,43,25,85,28,65,103,27,118,7,13,0,0,0,0,0,0,0,0,0,0,0,0,0,0,0,0,0,0,0,0,0,0,0,0
9,6,1714,0,0,0,0,0,0,0,0,0,0,0,0,0,0,0,0,0,0,0,0,0,0,0,0,0,0,0,0,0,0,0,0
8,88,174,7,1715,259,3,117,548,43,8,98,0,0,0,0,0,0,0,0,0,0,0,0,0,0,0,0,0,0,0,0,0,0,1
2,1716,53,1717,24,4,8,96,2,75,112,4,630,53,3,1718,10,2,1719,56,53,31,97,0,0,0,0,0,0,0,0,0,0,0,1
8,267,145,8,40,939,59,5,2,1720,4,8,184,240,91,115,120,4,120,153,0,0,0,0,0,0,0,0,0,0,0,0,0,0,1
194,25,138,313,8,352,9,3,117,0,0,0,0,0,0,0,0,0,0,0,0,0,0,0,0,0,0,0,0,0,0,0,0,0,1
8,74,138,631,94,9,6,37,7,13,20,226,1721,24,10,7,1722,13,4,9,55,482,3,248,172,5,276,1723,610,0,0,0,0,0,1
8,126,4,215,146,7,13,10,123,52,940,33,941,296,65,76,14,6,631,94,7,6,0,0,0,0,0,0,0,0,0,0,0,0,1
2,161,14,2,1724,230,137,459,116,6,215,337,10,118,0,0,0,0,0,0,0,0,0,0,0,0,0,0,0,0,0,0,0,0,1
7,6,23,5,2,75,65,49,36,14,632,164,344,1725,1726,18,279,82,0,0,0,0,0,0,0,0,0,0,0,0,0,0,0,0,1
102,61,162,61,271,61,264,4,470,5,2,1727,1728,0,0,0,0,0,0,0,0,0,0,0,0,0,0,0,0,0,0,0,0,0,1
121,42,45,10,232,12,380,0,0,0,0,0,0,0,0,0,0,0,0,0,0,0,0,0,0,0,0,0,0,0,0,0,0,0,1
217,148,553,49,0,0,0,0,0,0,0,0,0,0,0,0,0,0,0,0,0,0,0,0,0,0,0,0,0,0,0,0,0,0,1
1729,6,31,536,4,1730,11,31,140,942,5,149,4,943,387,56,24,177,0,0,0,0,0,0,0,0,0,0,0,0,0,0,0,0,1
7,13,55,3,1731,795,10,9,0,0,0,0,0,0,0,0,0,0,0,0,0,0,0,0,0,0,0,0,0,0,0,0,0,0,1
8,227,31,944,10,138,164,3,945,474,860,6,49,36,1732,6,1733,18,154,633,319,4,946,364,19,35,331,21,319,0,0,0,0,0,1
2,370,56,900,32,14,386,4,8,238,240,1734,52,12,52,0,0,0,0,0,0,0,0,0,0,0,0,0,0,0,0,0,0,0,0
8,381,19,178,92,218,10,1735,173,215,134,573,0,0,0,0,0,0,0,0,0,0,0,0,0,0,0,0,0,0,0,0,0,0,0
9,89,87,90,947,1736,48,87,90,1737,948,2,56,9,12,189,304,0,0,0,0,0,0,0,0,0,0,0,0,0,0,0,0,0,0
2,897,229,1738,53,78,304,0,0,0,0,0,0,0,0,0,0,0,0,0,0,0,0,0,0,0,0,0,0,0,0,0,0,0,0
2,68,12,2,354,19,150,102,101,82,322,266,0,0,0,0,0,0,0,0,0,0,0,0,0,0,0,0,0,0,0,0,0,0,0
36,12,3,315,373,949,10,174,2,56,71,442,20,9,89,47,110,116,2,399,5,2,68,0,0,0,0,0,0,0,0,0,0,0,0
8,335,9,12,950,10,38,332,929,241,930,71,951,24,2,952,20,9,12,30,135,0,0,0,0,0,0,0,0,0,0,0,0,0,0
43,25,57,9,25,181,245,30,953,9,24,2,1739,0,0,0,0,0,0,0,0,0,0,0,0,0,0,0,0,0,0,0,0,0,0
6,1744,4,325,1745,484,1746,11,7,4,6,256,19,458,3,1747,39,1748,1749,1750,791,87,7,3,29,634,13,21,33,45,4,3,552,339,1
7,12,164,35,615,13,14,8,635,9,203,5,1751,0,0,0,0,0,0,0,0,0,0,0,0,0,0,0,0,0,0,0,0,0,1
8,47,187,2,67,159,4,2,1752,954,12,955,1753,43,123,55,3,956,37,1754,1755,30,731,348,0,0,0,0,0,0,0,0,0,0,1
7,126,742,13,6,31,120,2,280,4,373,4,1756,14,326,2,224,636,243,5,1757,452,8,245,485,34,58,118,37,1758,363,0,0,0,0
957,1759,6,31,102,1760,80,7,293,4,18,92,10,1761,7,402,6,188,840,0,0,0,0,0,0,0,0,0,0,0,0,0,0,0,0
32,7,13,208,6,87,25,898,91,32,237,1762,87,1763,18,124,135,1764,18,636,243,0,0,0,0,0,0,0,0,0,0,0,0,0,0
637,4,8,79,119,137,14,636,243,434,0,0,0,0,0,0,0,0,0,0,0,0,0,0,0,0,0,0,0,0,0,0,0,0,0
8,96,2,59,113,486,910,371,5,958,26,2,1765,42,46,334,0,0,0,0,0,0,0,0,0,0,0,0,0,0,0,0,0,0,1
2,487,265,1766,10,110,21,2,229,26,1767,170,4,638,0,0,0,0,0,0,0,0,0,0,0,0,0,0,0,0,0,0,0,0,1
73,98,38,247,19,1768,18,95,639,1769,0,0,0,0,0,0,0,0,0,0,0,0,0,0,0,0,0,0,0,0,0,0,0,0,1
2,488,53,1770,1771,5,2,924,5,141,4,5,154,0,0,0,0,0,0,0,0,0,0,0,0,0,0,0,0,0,0,0,0,0,1
151,91,7,15,8,848,10,640,61,37,2,334,5,7,771,0,0,0,0,0,0,0,0,0,0,0,0,0,0,0,0,0,0,0,1
8,202,146,7,13,18,123,741,11,154,920,475,1772,48,1773,290,0,0,0,0,0,0,0,0,0,0,0,0,0,0,0,0,0,0,1
128,11,2,549,4,2,550,226,57,3,113,1774,5,1775,320,1776,585,0,0,0,0,0,0,0,0,0,0,0,0,0,0,0,0,0,1
94,249,7,67,387,26,2,353,489,641,1777,959,960,4,288,2,353,287,2,1778,961,1779,311,3,1780,1781,4,1782,290,0,0,0,0,0,1
79,964,21,23,5,2,56,424,9,38,1784,1785,1786,1787,1788,1789,1790,1791,270,965,1792,270,1793,48,966,1794,1795,1796,642,1797,1798,1799,216,1800,1
7,6,824,1801,34,22,75,0,0,0,0,0,0,0,0,0,0,0,0,0,0,0,0,0,0,0,0,0,0,0,0,0,0,0,1
54,1803,618,41,58,968,4,54,12,3,1804,11,97,1805,968,643,54,119,969,123,20,12,1806,61,31,437,2,327,359,644,93,70,319,182,1
299,10,970,319,30,10,137,39,4,137,185,2,474,12,31,1807,0,0,0,0,0,0,0,0,0,0,0,0,0,0,0,0,0,0,1
58,971,4,1808,100,10,103,1809,8,155,967,1810,943,7,645,5,141,9,12,3,29,33,1811,5,7,645,5,1812,4,8,12,972,0,0,1
205,32,5,2,401,11,490,300,26,1813,4,27,29,1814,0,0,0,0,0,0,0,0,0,0,0,0,0,0,0,0,0,0,0,0,0
2,59,304,152,37,490,300,6,2,84,11,93,1815,1816,6,342,105,24,3,1817,0,0,0,0,0,0,0,0,0,0,0,0,0,0,0
441,490,300,6,35,646,5,60,973,247,10,1818,576,18,1819,1820,0,0,0,0,0,0,0,0,0,0,0,0,0,0,0,0,0,0,0
1821,1822,1823,140,1824,4,101,172,26,1825,188,63,0,0,0,0,0,0,0,0,0,0,0,0,0,0,0,0,0,0,0,0,0,0,1
2,33,232,78,249,92,4,1826,1827,104,29,170,0,0,0,0,0,0,0,0,0,0,0,0,0,0,0,0,0,0,0,0,0,0,1
3,33,1828,5,1829,85,4,974,3,15,148,278,0,0,0,0,0,0,0,0,0,0,0,0,0,0,0,0,0,0,0,0,0,0,1
18,131,52,26,179,1830,11,15,555,8,96,73,173,35,125,223,0,0,0,0,0,0,0,0,0,0,0,0,0,0,0,0,0,0,1
9,12,29,975,69,8,12,11,2,233,3,33,559,4,29,33,928,4,976,5,1831,0,0,0,0,0,0,0,0,0,0,0,0,0,1
22,3,1832,15,4,213,60,8,381,69,8,467,49,5,2,233,0,0,0,0,0,0,0,0,0,0,0,0,0,0,0,0,0,0,1
9,55,1833,970,4,1834,37,2,1835,9,1836,0,0,0,0,0,0,0,0,0,0,0,0,0,0,0,0,0,0,0,0,0,0,0,1
8,291,214,9,0,0,0,0,0,0,0,0,0,0,0,0,0,0,0,0,0,0,0,0,0,0,0,0,0,0,0,0,0,0,1
8,195,9,0,0,0,0,0,0,0,0,0,0,0,0,0,0,0,0,0,0,0,0,0,0,0,0,0,0,0,0,0,0,0,1
8,360,295,115,647,0,0,0,0,0,0,0,0,0,0,0,0,0,0,0,0,0,0,0,0,0,0,0,0,0,0,0,0,0,0
9,47,491,3,1837,193,178,0,0,0,0,0,0,0,0,0,0,0,0,0,0,0,0,0,0,0,0,0,0,0,0,0,0,0,1
1838,1839,173,35,125,223,21,2,81,0,0,0,0,0,0,0,0,0,0,0,0,0,0,0,0,0,0,0,0,0,0,0,0,0,1
3,359,109,80,1840,5,2,281,11,2,1841,513,0,0,0,0,0,0,0,0,0,0,0,0,0,0,0,0,0,0,0,0,0,0,1
92,492,12,197,63,0,0,0,0,0,0,0,0,0,0,0,0,0,0,0,0,0,0,0,0,0,0,0,0,0,0,0,0,0,1
27,107,1842,27,10,1843,20,30,144,0,0,0,0,0,0,0,0,0,0,0,0,0,0,0,0,0,0,0,0,0,0,0,0,0,1
2,229,47,940,92,11,7,13,0,0,0,0,0,0,0,0,0,0,0,0,0,0,0,0,0,0,0,0,0,0,0,0,0,0,1
8,88,40,1844,92,11,14,492,151,648,2,81,0,0,0,0,0,0,0,0,0,0,0,0,0,0,0,0,0,0,0,0,0,0,1
977,2,13,6,3,308,1845,10,58,44,19,3,1846,11,2,1847,4,2,1848,8,100,617,1849,4,1850,21,82,1851,643,2,1852,53,1853,387,1
8,227,3,649,5,46,7,13,316,47,28,0,0,0,0,0,0,0,0,0,0,0,0,0,0,0,0,0,0,0,0,0,0,0,0
51,182,80,1854,0,0,0,0,0,0,0,0,0,0,0,0,0,0,0,0,0,0,0,0,0,0,0,0,0,0,0,0,0,0,0
14,13,12,28,0,0,0,0,0,0,0,0,0,0,0,0,0,0,0,0,0,0,0,0,0,0,0,0,0,0,0,0,0,0,0
64,41,978,48,979,1855,247,3,1856,5,1857,435,285,1858,0,0,0,0,0,0,0,0,0,0,0,0,0,0,0,0,0,0,0,0,0
9,30,1859,0,0,0,0,0,0,0,0,0,0,0,0,0,0,0,0,0,0,0,0,0,0,0,0,0,0,0,0,0,0,0,0
4,650,26,590,158,119,100,7,193,1868,126,146,7,1869,652,49,24,248,1870,24,885,1871,490,55,650,24,3,281,79,4,980,932,2,1872,1
8,30,157,981,7,13,61,80,1873,1874,982,106,26,1875,2,982,983,40,522,1876,108,8,1877,99,85,1878,9,69,9,493,1879,55,370,579,1
194,226,53,1880,10,38,1881,21,7,1882,196,5,1883,984,1884,0,0,0,0,0,0,0,0,0,0,0,0,0,0,0,0,0,0,0,0
7,122,6,70,18,985,9,6,107,135,4,371,21,1885,4,653,10,38,1886,1887,0,0,0,0,0,0,0,0,0,0,0,0,0,0,0
205,275,388,267,38,986,10,1888,45,6,421,186,4,28,81,6,1889,5,281,32,1890,0,0,0,0,0,0,0,0,0,0,0,0,0,0
8,560,8,98,1891,542,641,1892,0,0,0,0,0,0,0,0,0,0,0,0,0,0,0,0,0,0,0,0,0,0,0,0,0,0,0
2,487,26,31,28,73,429,104,49,5,494,24,3,1893,564,0,0,0,0,0,0,0,0,0,0,0,0,0,0,0,0,0,0,0,0
236,495,128,62,987,106,14,26,654,11,18,62,655,573,1898,14,485,41,73,53,70,42,3,1899,1900,1901,4,3,988,328,14,1902,24,1903,0
656,832,4,2,445,12,373,107,0,0,0,0,0,0,0,0,0,0,0,0,0,0,0,0,0,0,0,0,0,0,0,0,0,0,0
149,28,1904,37,72,265,156,11,93,8,47,41,2,657,20,7,15,6,31,28,8,74,242,18,23,327,14,123,98,40,163,989,5,9,0
8,227,27,3,990,1905,227,8,3,199,20,8,88,1906,58,716,11,2,991,43,309,586,298,343,5,292,4,44,24,7,13,0,0,0,0
11,171,7,12,3,1907,130,5,44,4,427,4,8,88,27,146,123,10,66,57,7,15,0,0,0,0,0,0,0,0,0,0,0,0,0
9,467,992,21,3,593,993,8,635,20,8,139,777,2,152,203,1908,185,76,8,12,1909,18,1910,0,0,0,0,0,0,0,0,0,0,0
994,4,64,76,36,6,62,845,18,995,0,0,0,0,0,0,0,0,0,0,0,0,0,0,0,0,0,0,0,0,0,0,0,0,0
35,162,453,4,902,484,6,496,33,19,3,927,1911,1912,602,309,85,10,57,484,1913,1914,4,1915,1916,11,3,294,257,374,37,1917,1918,0,1
2,465,260,165,469,0,0,0,0,0,0,0,0,0,0,0,0,0,0,0,0,0,0,0,0,0,0,0,0,0,0,0,0,0,1
20,2,1919,14,5,164,1920,19,484,4,1921,1922,165,2,207,182,415,1923,10,2,1924,2,544,1925,4,2,229,110,444,1926,0,0,0,0,0
139,9,12,2,487,14,246,3,216,117,24,58,1927,658,0,0,0,0,0,0,0,0,0,0,0,0,0,0,0,0,0,0,0,0,1
8,227,1928,161,128,18,2,996,5,1929,18,7,47,6,34,2,821,5,2,659,21,7,15,9,55,107,102,218,24,451,95,97,1930,846,0
127,103,33,997,4,26,188,1931,0,0,0,0,0,0,0,0,0,0,0,0,0,0,0,0,0,0,0,0,0,0,0,0,0,0,1
20,2,1932,68,30,89,1933,90,4,102,5,2,15,12,221,21,3,998,1934,999,0,0,0,0,0,0,0,0,0,0,0,0,0,0,0
8,420,58,1935,374,90,116,278,7,28,411,226,127,1000,9,0,0,0,0,0,0,0,0,0,0,0,0,0,0,0,0,0,0,0,0
2,440,1936,243,5,13,26,78,27,28,19,63,0,0,0,0,0,0,0,0,0,0,0,0,0,0,0,0,0,0,0,0,0,0,1
1937,1938,12,126,1939,1940,1001,253,0,0,0,0,0,0,0,0,0,0,0,0,0,0,0,0,0,0,0,0,0,0,0,0,0,0,0
2,45,12,1941,1002,178,62,182,80,3,389,1942,1943,13,0,0,0,0,0,0,0,0,0,0,0,0,0,0,0,0,0,0,0,0,0
8,41,1944,1945,58,1946,1947,899,1948,162,31,8,221,9,764,447,4,245,99,153,0,0,0,0,0,0,0,0,0,0,0,0,0,0,1
8,242,2,581,173,3,33,223,5,1949,105,2,1950,1951,0,0,0,0,0,0,0,0,0,0,0,0,0,0,0,0,0,0,0,0,1
58,1952,660,6,369,18,2,68,0,0,0,0,0,0,0,0,0,0,0,0,0,0,0,0,0,0,0,0,0,0,0,0,0,0,1
8,329,145,95,61,8,74,41,600,31,8,74,306,10,38,23,20,8,242,7,15,6,148,77,44,0,0,0,0,0,0,0,0,0,1
1953,94,3,28,15,0,0,0,0,0,0,0,0,0,0,0,0,0,0,0,0,0,0,0,0,0,0,0,0,0,0,0,0,0,0
27,661,11,2,211,4,444,1954,0,0,0,0,0,0,0,0,0,0,0,0,0,0,0,0,0,0,0,0,0,0,0,0,0,0,0
2,68,160,1955,257,34,32,4,2,45,6,215,844,0,0,0,0,0,0,0,0,0,0,0,0,0,0,0,0,0,0,0,0,0,0
27,51,33,18,1956,1957,0,0,0,0,0,0,0,0,0,0,0,0,0,0,0,0,0,0,0,0,0,0,0,0,0,0,0,0,0
8,260,1958,662,863,20,7,0,0,0,0,0,0,0,0,0,0,0,0,0,0,0,0,0,0,0,0,0,0,0,0,0,0,0,0
1003,40,10,40,2,811,5,390,135,1959,27,10,57,14,23,652,0,0,0,0,0,0,0,0,0,0,0,0,0,0,0,0,0,0,0
7,15,4,8,323,14,495,1960,6,35,497,10,2,1961,1962,0,0,0,0,0,0,0,0,0,0,0,0,0,0,0,0,0,0,0,0
43,64,618,388,21,9,663,60,10,1963,257,597,0,0,0,0,0,0,0,0,0,0,0,0,0,0,0,0,0,0,0,0,0,0,0
7,325,3,17,49,5,117,189,76,244,134,1964,0,0,0,0,0,0,0,0,0,0,0,0,0,0,0,0,0,0,0,0,0,0,0
7,6,23,8,173,27,40,20,8,221,9,874,24,1965,13,1966,4,12,29,284,0,0,0,0,0,0,0,0,0,0,0,0,0,0,0
8,138,54,12,3,1967,993,21,114,895,120,46,1968,20,2,45,12,19,28,19,2,81,0,0,0,0,0,0,0,0,0,0,0,0,0
1969,1970,12,51,28,4,961,1971,12,205,1004,0,0,0,0,0,0,0,0,0,0,0,0,0,0,0,0,0,0,0,0,0,0,0,0
886,2,1005,203,177,201,1972,4,1006,9,12,1007,60,114,438,36,12,24,177,201,2,143,5,115,0,0,0,0,0,0,0,0,0,0,0
20,2,453,5,2,15,12,31,333,14,2,1973,5,2,364,0,0,0,0,0,0,0,0,0,0,0,0,0,0,0,0,0,0,0,0
2,498,1974,106,53,1008,1975,0,0,0,0,0,0,0,0,0,0,0,0,0,0,0,0,0,0,0,0,0,0,0,0,0,0,0,0
2,64,152,182,80,1976,45,12,1977,590,0,0,0,0,0,0,0,0,0,0,0,0,0,0,0,0,0,0,0,0,0,0,0,0,0
298,2,1978,12,218,18,54,849,1008,0,0,0,0,0,0,0,0,0,0,0,0,0,0,0,0,0,0,0,0,0,0,0,0,0,0
8,12,884,972,21,2,86,54,197,0,0,0,0,0,0,0,0,0,0,0,0,0,0,0,0,0,0,0,0,0,0,0,0,0,1
8,663,69,8,155,2,15,14,61,50,161,53,10,391,42,7,1979,192,0,0,0,0,0,0,0,0,0,0,0,0,0,0,0,0,1
1983,328,1984,1985,96,1986,1987,1009,11,3,109,1988,4,71,1010,653,654,116,35,1989,1990,648,18,3,315,1011,1991,1992,1993,1994,3,1995,270,1996,0
51,2,1997,104,136,0,0,0,0,0,0,0,0,0,0,0,0,0,0,0,0,0,0,0,0,0,0,0,0,0,0,0,0,0,0
34,62,413,11,2,1012,208,9,104,1013,41,1998,0,0,0,0,0,0,0,0,0,0,0,0,0,0,0,0,0,0,0,0,0,0,0
2,68,164,19,9,6,6,31,1999,4,186,14,2,180,6,41,3,1014,1015,0,0,0,0,0,0,0,0,0,0,0,0,0,0,0,0
2,136,147,4,2000,1016,39,275,52,325,384,280,203,3,97,130,5,665,4,44,0,0,0,0,0,0,0,0,0,0,0,0,0,0,0
8,12,29,2001,21,60,28,7,13,12,20,27,947,34,32,0,0,0,0,0,0,0,0,0,0,0,0,0,0,0,0,0,0,0,0
2,147,6,2002,5,161,14,87,114,620,0,0,0,0,0,0,0,0,0,0,0,0,0,0,0,0,0,0,0,0,0,0,0,0,0
412,2003,112,2004,2005,2006,2007,2008,2009,169,10,87,3,2010,2011,2012,205,496,11,2013,2014,4,436,11,2015,14,499,48,499,27,38,70,105,524,0
2,207,6,2016,34,75,0,0,0,0,0,0,0,0,0,0,0,0,0,0,0,0,0,0,0,0,0,0,0,0,0,0,0,0,0
1018,149,235,20,70,51,182,39,2,28,207,0,0,0,0,0,0,0,0,0,0,0,0,0,0,0,0,0,0,0,0,0,0,0,0
5,667,2,45,6,2017,0,0,0,0,0,0,0,0,0,0,0,0,0,0,0,0,0,0,0,0,0,0,0,0,0,0,0,0,0
2,45,39,2,224,111,98,38,342,24,3,658,4,2018,668,201,1016,4,2019,0,0,0,0,0,0,0,0,0,0,0,0,0,0,0,0
4,669,151,32,14,226,137,10,35,180,14,2020,163,50,100,9,163,818,39,2021,131,4,27,2022,2023,0,0,0,0,0,0,0,0,0,0
8,187,7,13,9,12,3,50,303,5,3,296,52,100,22,670,5,582,4,671,20,11,2,200,73,663,14,248,85,73,100,18,279,82,1
8,40,83,140,65,2024,2025,2026,20,58,637,7,12,23,5,92,75,178,9,467,49,2027,133,1019,0,0,0,0,0,0,0,0,0,0,1
7,13,876,35,2028,111,4,94,8,187,2,59,12,14,9,1020,58,472,10,57,82,112,52,8,624,83,357,0,0,0,0,0,0,0,1
7,13,12,236,5,231,11,1021,20,8,214,101,408,5,9,0,0,0,0,0,0,0,0,0,0,0,0,0,0,0,0,0,0,0,1
351,8,672,7,13,3,117,49,5,3,994,658,0,0,0,0,0,0,0,0,0,0,0,0,0,0,0,0,0,0,0,0,0,0,1
2029,208,27,1022,9,169,31,43,123,2030,94,1023,2031,9,420,90,138,76,7,6,3,2032,0,0,0,0,0,0,0,0,0,0,0,0,1
8,390,588,58,883,167,2033,39,2034,2035,5,142,14,88,2036,49,21,29,114,2037,4,51,470,512,0,0,0,0,0,0,0,0,0,0,0
9,6,30,2,673,5,2038,14,6,2039,11,2,2040,10,2041,2,2042,18,27,299,997,0,0,0,0,0,0,0,0,0,0,0,0,0,0
126,387,21,1024,5,2043,4,204,282,7,6,3,15,315,137,10,57,20,156,52,103,99,588,9,0,0,0,0,0,0,0,0,0,0,1
7,13,1025,22,320,2044,4,6,1026,11,101,84,0,0,0,0,0,0,0,0,0,0,0,0,0,0,0,0,0,0,0,0,0,0,1
20,7,13,47,246,10,90,0,0,0,0,0,0,0,0,0,0,0,0,0,0,0,0,0,0,0,0,0,0,0,0,0,0,0,1
57,9,0,0,0,0,0,0,0,0,0,0,0,0,0,0,0,0,0,0,0,0,0,0,0,0,0,0,0,0,0,0,0,0,1
8,47,471,2,2045,2046,7,13,249,61,65,4,14,73,99,2047,10,103,31,11,124,320,71,955,998,328,0,0,0,0,0,0,0,0,1
4,8,2048,2,287,128,8,392,21,2049,2050,2051,167,289,11,2,492,19,2,2052,141,52,160,220,234,54,6,94,54,6,1027,4,313,0,1
7,13,6,3,33,4,1028,2053,24,191,11,2054,0,0,0,0,0,0,0,0,0,0,0,0,0,0,0,0,0,0,0,0,0,0,1
8,238,7,2055,170,634,4,782,0,0,0,0,0,0,0,0,0,0,0,0,0,0,0,0,0,0,0,0,0,0,0,0,0,0,1
2056,2,2057,2058,11,2,15,93,12,1029,128,11,2059,2060,90,0,0,0,0,0,0,0,0,0,0,0,0,0,0,0,0,0,0,0,1
2061,8,238,240,396,11,2,2062,5,2,15,0,0,0,0,0,0,0,0,0,0,0,0,0,0,0,0,0,0,0,0,0,0,0,1
2,297,331,2063,34,2,674,5,2,15,0,0,0,0,0,0,0,0,0,0,0,0,0,0,0,0,0,0,0,0,0,0,0,0,1
8,578,2,475,21,3,2064,11,58,850,356,11,58,675,4,471,18,2,324,676,0,0,0,0,0,0,0,0,0,0,0,0,0,0,1
2065,55,3,941,677,4,305,3,393,166,0,0,0,0,0,0,0,0,0,0,0,0,0,0,0,0,0,0,0,0,0,0,0,0,1
2,399,5,2,111,78,210,63,0,0,0,0,0,0,0,0,0,0,0,0,0,0,0,0,0,0,0,0,0,0,0,0,0,0,1
232,857,1030,393,2066,5,2067,4,22,2068,2069,2070,0,0,0,0,0,0,0,0,0,0,0,0,0,0,0,0,0,0,0,0,0,0,1
37,1031,243,116,7,15,8,383,299,327,2071,0,0,0,0,0,0,0,0,0,0,0,0,0,0,0,0,0,0,0,0,0,0,0,0
37,283,84,185,7,15,8,383,10,1032,9,0,0,0,0,0,0,0,0,0,0,0,0,0,0,0,0,0,0,0,0,0,0,0,0
39,2,44,2,15,2072,8,27,64,833,9,8,2073,9,0,0,0,0,0,0,0,0,0,0,0,0,0,0,0,0,0,0,0,0,0
94,7,15,286,6,3,422,81,0,0,0,0,0,0,0,0,0,0,0,0,0,0,0,0,0,0,0,0,0,0,0,0,0,0,0
2,81,678,19,43,64,3,2074,2075,12,261,4,2076,1033,357,3,2077,81,12,2078,0,0,0,0,0,0,0,0,0,0,0,0,0,0,0
161,679,56,2079,1034,68,2080,2081,18,62,97,655,82,80,14,81,2082,18,9,0,0,0,0,0,0,0,0,0,0,0,0,0,0,0,0
2,111,6,33,0,0,0,0,0,0,0,0,0,0,0,0,0,0,0,0,0,0,0,0,0,0,0,0,0,0,0,0,0,0,1
18,14,22,148,553,49,0,0,0,0,0,0,0,0,0,0,0,0,0,0,0,0,0,0,0,0,0,0,0,0,0,0,0,0,1
7,6,245,2,59,2083,122,8,40,66,83,11,58,297,191,0,0,0,0,0,0,0,0,0,0,0,0,0,0,0,0,0,0,0,0
9,6,2084,2,59,304,4,2085,122,8,40,66,83,0,0,0,0,0,0,0,0,0,0,0,0,0,0,0,0,0,0,0,0,0,0
121,37,9,6,30,28,0,0,0,0,0,0,0,0,0,0,0,0,0,0,0,0,0,0,0,0,0,0,0,0,0,0,0,0,0
8,98,27,220,94,236,5,2086,88,2087,7,250,11,2,179,494,27,10,385,803,1035,0,0,0,0,0,0,0,0,0,0,0,0,0,0
2,81,6,28,29,28,9,1036,127,2088,4,2089,743,14,25,2090,57,11,2091,2092,48,2093,13,0,0,0,0,0,0,0,0,0,0,0,0
2,287,6,78,314,755,32,25,57,6,3,47,47,28,112,389,0,0,0,0,0,0,0,0,0,0,0,0,0,0,0,0,0,0,0
680,495,7,122,6,3,97,452,0,0,0,0,0,0,0,0,0,0,0,0,0,0,0,0,0,0,0,0,0,0,0,0,0,0,0
9,6,2094,363,348,42,1037,0,0,0,0,0,0,0,0,0,0,0,0,0,0,0,0,0,0,0,0,0,0,0,0,0,0,0,0
91,2095,866,2096,277,429,2097,77,472,19,102,19,7,122,0,0,0,0,0,0,0,0,0,0,0,0,0,0,0,0,0,0,0,0,0
476,995,2098,2099,602,2,122,6,31,28,14,51,971,5,2,111,1038,92,862,49,5,2,122,0,0,0,0,0,0,0,0,0,0,0,0
1039,1040,2100,2101,559,2102,6,27,64,188,3,2103,2104,20,6,35,1041,2105,591,5,3,13,0,0,0,0,0,0,0,0,0,0,0,0,0
371,5,681,836,56,9,6,2106,261,39,2107,2108,52,78,682,4,6,603,916,39,1042,2109,42,710,23,88,500,3,50,2110,61,0,0,0,0
42,128,24,2,2111,86,1043,2112,2113,0,0,0,0,0,0,0,0,0,0,0,0,0,0,0,0,0,0,0,0,0,0,0,0,0,0
46,810,46,2114,31,683,11,2,1012,6,126,1041,4,681,0,0,0,0,0,0,0,0,0,0,0,0,0,0,0,0,0,0,0,0,0
4,43,14,587,169,5,3,250,5,3,13,18,25,2,527,6,78,2115,21,3,2116,323,5,1044,487,4,2117,2118,0,0,0,0,0,0,0
298,2119,164,3,684,6,365,90,0,0,0,0,0,0,0,0,0,0,0,0,0,0,0,0,0,0,0,0,0,0,0,0,0,0,0
29,501,600,7,13,12,3,478,807,0,0,0,0,0,0,0,0,0,0,0,0,0,0,0,0,0,0,0,0,0,0,0,0,0,0
36,26,31,140,659,8,74,138,234,10,1045,0,0,0,0,0,0,0,0,0,0,0,0,0,0,0,0,0,0,0,0,0,0,0,0
2,111,12,50,0,0,0,0,0,0,0,0,0,0,0,0,0,0,0,0,0,0,0,0,0,0,0,0,0,0,0,0,0,0,1
966,685,515,3,47,108,166,5,3,2120,2121,2122,2123,228,938,0,0,0,0,0,0,0,0,0,0,0,0,0,0,0,0,0,0,0,1
2124,1046,228,4,1042,623,4,25,40,3,50,111,275,197,124,486,47,63,0,0,0,0,0,0,0,0,0,0,0,0,0,0,0,0,1
20,2,13,249,3,206,5,501,2125,0,0,0,0,0,0,0,0,0,0,0,0,0,0,0,0,0,0,0,0,0,0,0,0,0,0
179,5,32,36,26,169,686,837,4,686,2126,10,2127,275,0,0,0,0,0,0,0,0,0,0,0,0,0,0,0,0,0,0,0,0,0
2,13,6,2128,21,2129,686,2130,948,2,204,111,2131,4,11,986,2,2132,26,2133,19,2134,4,2135,0,0,0,0,0,0,0,0,0,0,0
812,2,676,2136,1047,1048,104,34,2,2137,2138,11,2,15,73,2139,2140,86,0,0,0,0,0,0,0,0,0,0,0,0,0,0,0,0,0
36,6,62,97,68,0,0,0,0,0,0,0,0,0,0,0,0,0,0,0,0,0,0,0,0,0,0,0,0,0,0,0,0,0,0
8,429,57,7,13,153,18,992,0,0,0,0,0,0,0,0,0,0,0,0,0,0,0,0,0,0,0,0,0,0,0,0,0,0,0
2141,2142,6,35,2143,523,15,10,276,233,290,0,0,0,0,0,0,0,0,0,0,0,0,0,0,0,0,0,0,0,0,0,0,0,1
7,327,677,5,687,1049,822,2,367,2144,830,616,14,502,6,245,46,59,2145,2146,76,9,12,31,2147,0,0,0,0,0,0,0,0,0,1
533,25,74,377,1050,687,511,36,26,2148,5,317,212,4,142,326,2,2149,226,295,18,2150,194,20,93,12,3,478,2151,2152,11,2153,0,0,1
198,151,278,2,171,153,151,37,911,133,8,12,2154,34,60,2155,2,15,190,6,0,0,0,0,0,0,0,0,0,0,0,0,0,0,1
22,30,720,278,687,311,2156,11,2,2157,11,3,202,1051,43,431,2158,84,0,0,0,0,0,0,0,0,0,0,0,0,0,0,0,0,1
332,4,3,97,2159,15,139,605,1052,2160,75,72,51,151,2161,113,133,0,0,0,0,0,0,0,0,0,0,0,0,0,0,0,0,0,1
2,2162,5,2,642,2163,23,408,3,642,1053,2,627,408,3,2164,2165,2166,6,372,681,0,0,0,0,0,0,0,0,0,0,0,0,0,0
175,1054,284,14,7,15,88,2167,31,140,2168,4,2169,265,69,36,26,258,61,1055,334,5,15,49,36,0,0,0,0,0,0,0,0,0,0
2,503,2170,4,892,2171,6,3,729,0,0,0,0,0,0,0,0,0,0,0,0,0,0,0,0,0,0,0,0,0,0,0,0,0,1
270,2172,2173,2174,2175,2176,2177,2178,739,2179,1029,39,23,5,2,518,2180,10,66,541,2,2181,2182,2183,0,0,0,0,0,0,0,0,0,0,1
8,74,96,36,26,95,843,2184,11,7,567,0,0,0,0,0,0,0,0,0,0,0,0,0,0,0,0,0,0,0,0,0,0,0,0
7,499,38,2,64,28,15,54,66,70,0,0,0,0,0,0,0,0,0,0,0,0,0,0,0,0,0,0,0,0,0,0,0,0,0
31,2185,30,28,0,0,0,0,0,0,0,0,0,0,0,0,0,0,0,0,0,0,0,0,0,0,0,0,0,0,0,0,0,0,0
7,13,6,3,380,646,5,3,28,68,4,3,29,29,28,411,32,2,84,0,0,0,0,0,0,0,0,0,0,0,0,0,0,0,0
22,3,1056,10,57,33,112,41,2186,4,688,87,3,617,11,3,250,41,7,0,0,0,0,0,0,0,0,0,0,0,0,0,0,0,0
8,168,9,12,28,0,0,0,0,0,0,0,0,0,0,0,0,0,0,0,0,0,0,0,0,0,0,0,0,0,0,0,0,0,0
127,72,26,165,20,10,2,1057,5,2,2187,2188,9,12,689,0,0,0,0,0,0,0,0,0,0,0,0,0,0,0,0,0,0,0,0
1048,1045,21,32,2,2189,45,265,42,2,366,2190,12,29,29,28,0,0,0,0,0,0,0,0,0,0,0,0,0,0,0,0,0,0,0
2,81,6,3,216,820,250,0,0,0,0,0,0,0,0,0,0,0,0,0,0,0,0,0,0,0,0,0,0,0,0,0,0,0,0
2,75,646,5,60,1058,2,149,6,69,22,2191,14,25,79,609,2,2192,434,116,2193,39,2194,3,2195,2196,3,196,5,2,2197,0,0,0,0
199,575,2198,52,78,2199,2,690,2200,2201,13,2202,723,160,138,60,10,2203,46,72,0,0,0,0,0,0,0,0,0,0,0,0,0,0,0
2,13,6,1054,219,11,611,0,0,0,0,0,0,0,0,0,0,0,0,0,0,0,0,0,0,0,0,0,0,0,0,0,0,0,0
2,1059,6,136,0,0,0,0,0,0,0,0,0,0,0,0,0,0,0,0,0,0,0,0,0,0,0,0,0,0,0,0,0,0,0
2,15,678,322,4,2204,0,0,0,0,0,0,0,0,0,0,0,0,0,0,0,0,0,0,0,0,0,0,0,0,0,0,0,0,0
23,5,2,59,786,2205,6,2,2206,5,1060,2207,0,0,0,0,0,0,0,0,0,0,0,0,0,0,0,0,0,0,0,0,0,0,0
7,2208,119,2209,63,11,2,1061,4,235,160,110,128,0,0,0,0,0,0,0,0,0,0,0,0,0,0,0,0,0,0,0,0,0,0
2,463,212,53,136,0,0,0,0,0,0,0,0,0,0,0,0,0,0,0,0,0,0,0,0,0,0,0,0,0,0,0,0,0,0
2,2210,1062,1063,11,665,485,41,9,98,40,163,491,24,2211,2212,18,2213,996,0,0,0,0,0,0,0,0,0,0,0,0,0,0,0,0
2,2214,5,2,2215,2216,34,2,200,12,30,19,136,0,0,0,0,0,0,0,0,0,0,0,0,0,0,0,0,0,0,0,0,0,0
2217,8,41,10,403,240,3,2218,2219,31,405,174,1057,234,1064,2220,2221,212,53,190,150,256,0,0,0,0,0,0,0,0,0,0,0,0,1
2222,85,156,2223,5,2224,2225,2226,0,0,0,0,0,0,0,0,0,0,0,0,0,0,0,0,0,0,0,0,0,0,0,0,0,0,1
10,1065,2,15,105,2227,6,3,165,2228,70,266,13,14,181,38,2229,41,2,2230,2231,0,0,0,0,0,0,0,0,0,0,0,0,0,0
27,330,0,0,0,0,0,0,0,0,0,0,0,0,0,0,0,0,0,0,0,0,0,0,0,0,0,0,0,0,0,0,0,0,0
54,6,205,2232,10,118,24,177,54,55,114,10,62,2233,4,165,2234,2235,0,0,0,0,0,0,0,0,0,0,0,0,0,0,0,0,0
1047,42,22,165,366,7,15,55,1024,5,82,2236,0,0,0,0,0,0,0,0,0,0,0,0,0,0,0,0,0,0,0,0,0,0,0
8,220,14,22,950,10,38,3,322,2237,282,20,14,160,449,14,9,55,10,372,497,276,479,4,40,149,31,571,1018,14,9,2238,24,919,0
2239,2240,2241,879,6,255,128,107,19,54,6,34,46,59,2242,69,54,6,2243,93,2,740,476,235,329,2244,0,0,0,0,0,0,0,0,0
2,72,2245,2246,2247,12,745,537,52,99,104,205,1004,10,379,5,2,691,2248,1066,10,2,343,5,2249,54,396,11,2,2250,0,0,0,0,1
21,2,2251,4,2252,5,2,179,13,194,586,7,567,100,114,460,10,2253,0,0,0,0,0,0,0,0,0,0,0,0,0,0,0,0,0
2,339,12,2254,29,2255,0,0,0,0,0,0,0,0,0,0,0,0,0,0,0,0,0,0,0,0,0,0,0,0,0,0,0,0,0
7,12,2256,27,64,11,2,111,20,78,11,2,2257,81,93,2258,102,42,2,616,307,0,0,0,0,0,0,0,0,0,0,0,0,0,0
198,128,36,12,62,552,45,271,48,607,110,10,1067,161,105,0,0,0,0,0,0,0,0,0,0,0,0,0,0,0,0,0,0,0,0
2259,12,470,2260,0,0,0,0,0,0,0,0,0,0,0,0,0,0,0,0,0,0,0,0,0,0,0,0,0,0,0,0,0,0,0
9,2261,10,2262,2,2263,2264,5,2265,14,53,3,50,172,5,2,503,0,0,0,0,0,0,0,0,0,0,0,0,0,0,0,0,0,0
428,9,30,878,443,0,0,0,0,0,0,0,0,0,0,0,0,0,0,0,0,0,0,0,0,0,0,0,0,0,0,0,0,0,0
27,330,0,0,0,0,0,0,0,0,0,0,0,0,0,0,0,0,0,0,0,0,0,0,0,0,0,0,0,0,0,0,0,0,0
6,9,572,18,3,13,10,137,95,182,80,7,0,0,0,0,0,0,0,0,0,0,0,0,0,0,0,0,0,0,0,0,0,0,0
36,6,62,68,128,10,446,25,218,11,2,179,494,0,0,0,0,0,0,0,0,0,0,0,0,0,0,0,0,0,0,0,0,0,0
51,69,2,576,669,122,105,36,6,62,2266,5,2267,2,59,2268,161,679,4,39,2,44,2,15,6,120,25,594,38,258,1068,0,0,0,0
2269,7,6,27,3,2270,362,13,7,6,466,389,0,0,0,0,0,0,0,0,0,0,0,0,0,0,0,0,0,0,0,0,0,0,0
8,157,242,244,51,3,2271,10,7,0,0,0,0,0,0,0,0,0,0,0,0,0,0,0,0,0,0,0,0,0,0,0,0,0,0
93,6,2272,313,8,227,2273,9,164,3,28,724,0,0,0,0,0,0,0,0,0,0,0,0,0,0,0,0,0,0,0,0,0,0,0
167,3,692,382,8,222,214,7,122,4,8,79,2274,145,14,8,214,9,216,44,4,51,61,80,2,2275,2276,1069,0,0,0,0,0,0,1
20,2277,2278,2279,2,692,2280,4,2281,23,5,2,59,975,108,4,2282,1069,66,491,0,0,0,0,0,0,0,0,0,0,0,0,0,0,1
2,610,26,2283,20,8,79,64,145,14,8,214,101,341,564,4,2284,2285,10,2,122,0,0,0,0,0,0,0,0,0,0,0,0,0,1
407,1070,82,574,70,90,935,11,3,2286,84,357,2287,116,1071,2288,2289,18,2290,0,0,0,0,0,0,0,0,0,0,0,0,0,0,0,1
2,56,53,32,108,4,100,2,2291,5,27,299,3,406,366,86,0,0,0,0,0,0,0,0,0,0,0,0,0,0,0,0,0,0,1
101,341,86,12,337,4,1072,10,38,599,3,366,0,0,0,0,0,0,0,0,0,0,0,0,0,0,0,0,0,0,0,0,0,0,1
101,1073,5,7,67,12,31,120,2,280,2292,2293,4,2294,14,9,12,1074,10,2295,185,0,0,0,0,0,0,0,0,0,0,0,0,0,0
253,454,10,40,163,261,39,3,1075,502,274,178,73,26,397,656,31,31,418,10,317,41,60,3,1075,502,274,88,47,2296,25,138,63,374,0
2297,55,3,308,427,409,4,6,539,29,2298,11,757,5,3,229,0,0,0,0,0,0,0,0,0,0,0,0,0,0,0,0,0,0,1
36,6,189,62,2299,18,522,7,1011,272,0,0,0,0,0,0,0,0,0,0,0,0,0,0,0,0,0,0,0,0,0,0,0,0,0
8,155,7,13,4,8,168,7,6,3,135,13,0,0,0,0,0,0,0,0,0,0,0,0,0,0,0,0,0,0,0,0,0,0,0
94,6,51,61,135,6,14,52,100,168,35,411,14,36,181,38,3,1076,11,1077,1078,0,0,0,0,0,0,0,0,0,0,0,0,0,0
10,38,2300,21,25,7,6,504,693,4,29,2301,0,0,0,0,0,0,0,0,0,0,0,0,0,0,0,0,0,0,0,0,0,0,0
11,674,8,99,27,1079,21,7,13,76,3,1076,11,1077,1078,6,134,20,693,0,0,0,0,0,0,0,0,0,0,0,0,0,0,0,0
2,67,159,6,30,136,0,0,0,0,0,0,0,0,0,0,0,0,0,0,0,0,0,0,0,0,0,0,0,0,0,0,0,0,0
22,30,1074,0,0,0,0,0,0,0,0,0,0,0,0,0,0,0,0,0,0,0,0,0,0,0,0,0,0,0,0,0,0,0,0
4,2,2302,26,215,1080,0,0,0,0,0,0,0,0,0,0,0,0,0,0,0,0,0,0,0,0,0,0,0,0,0,0,0,0,0
244,78,169,2303,11,7,15,10,87,90,1081,0,0,0,0,0,0,0,0,0,0,0,0,0,0,0,0,0,0,0,0,0,0,0,0
74,130,77,44,91,7,2304,2305,15,0,0,0,0,0,0,0,0,0,0,0,0,0,0,0,0,0,0,0,0,0,0,0,0,0,0
8,242,14,2306,204,12,272,63,0,0,0,0,0,0,0,0,0,0,0,0,0,0,0,0,0,0,0,0,0,0,0,0,0,0,1
2,56,26,162,4,25,306,10,184,49,61,37,115,2,2307,2,13,864,24,4,8,96,131,99,38,2308,39,52,208,4,160,87,9,0,1
132,118,9,0,0,0,0,0,0,0,0,0,0,0,0,0,0,0,0,0,0,0,0,0,0,0,0,0,0,0,0,0,0,0,1
2309,91,7,0,0,0,0,0,0,0,0,0,0,0,0,0,0,0,0,0,0,0,0,0,0,0,0,0,0,0,0,0,0,0,0
29,108,0,0,0,0,0,0,0,0,0,0,0,0,0,0,0,0,0,0,0,0,0,0,0,0,0,0,0,0,0,0,0,0,1
58,476,30,978,49,5,117,0,0,0,0,0,0,0,0,0,0,0,0,0,0,0,0,0,0,0,0,0,0,0,0,0,0,0,0
2,56,26,162,4,25,47,375,18,115,0,0,0,0,0,0,0,0,0,0,0,0,0,0,0,0,0,0,0,0,0,0,0,0,1
35,2310,307,21,3,50,465,4,3,2311,398,437,2,180,1064,0,0,0,0,0,0,0,0,0,0,0,0,0,0,0,0,0,0,0,1
74,2312,9,0,0,0,0,0,0,0,0,0,0,0,0,0,0,0,0,0,0,0,0,0,0,0,0,0,0,0,0,0,0,0,1
2,2323,2324,5,3,2325,2326,2327,2,2328,201,2329,2330,4,85,1082,10,154,4,269,1083,2331,2332,2333,2334,2335,4,2336,1083,2337,4,2338,4,61,1
1086,2341,6,63,2342,39,289,301,2343,42,2,1001,2344,2345,14,2346,2347,6,2348,10,178,415,651,361,7,44,19,2,82,56,459,350,385,9,1
20,903,32,2,1087,463,960,5,279,534,21,2349,4,2350,323,5,2351,229,2352,4,1059,1030,2353,521,1088,13,666,6,3,958,4,356,10,2354,1
22,19,2355,170,10,104,34,19,3,2356,20,2,1089,128,26,61,422,4,2,597,61,1090,80,71,5,14,1091,110,0,0,0,0,0,0,1
2,2357,453,6,255,340,9,6,2358,39,2,2359,1085,24,2,684,2360,0,0,0,0,0,0,0,0,0,0,0,0,0,0,0,0,0,0
2361,2,15,376,24,59,738,0,0,0,0,0,0,0,0,0,0,0,0,0,0,0,0,0,0,0,0,0,0,0,0,0,0,0,0
251,34,32,505,0,0,0,0,0,0,0,0,0,0,0,0,0,0,0,0,0,0,0,0,0,0,0,0,0,0,0,0,0,0,0
8,155,7,15,120,1092,4,94,3,50,15,9,12,0,0,0,0,0,0,0,0,0,0,0,0,0,0,0,0,0,0,0,0,0,1
8,168,1093,1094,12,310,19,2362,4,55,340,482,58,614,192,0,0,0,0,0,0,0,0,0,0,0,0,0,0,0,0,0,0,0,1
46,45,2363,2364,937,2365,12,310,4,2,180,12,694,0,0,0,0,0,0,0,0,0,0,0,0,0,0,0,0,0,0,0,0,0,1
8,100,496,2366,14,1093,1094,12,3,310,192,19,54,12,58,2367,614,192,4,8,2368,105,91,46,72,19,3,382,0,0,0,0,0,0,1
20,9,260,1095,8,221,7,15,14,8,2369,60,50,54,190,12,0,0,0,0,0,0,0,0,0,0,0,0,0,0,0,0,0,0,1
405,174,7,15,117,49,5,117,0,0,0,0,0,0,0,0,0,0,0,0,0,0,0,0,0,0,0,0,0,0,0,0,0,0,1
8,138,14,2370,2371,12,29,2372,4,14,569,98,38,19,102,19,319,20,2373,12,63,1096,0,0,0,0,0,0,0,0,0,0,0,0,0
54,47,89,454,10,306,10,38,2374,46,2375,53,2376,89,137,388,21,2,2377,0,0,0,0,0,0,0,0,0,0,0,0,0,0,0,0
417,114,457,42,368,21,664,5,308,2378,1097,3,969,2379,3,2380,382,3,2381,781,3,2382,68,4,71,2383,2384,0,0,0,0,0,0,0,1
2385,6,19,66,3,50,2386,18,368,2,67,2387,561,10,22,256,2388,34,35,2389,2390,20,9,286,2,2391,2392,5,2393,204,4,228,2394,503,1
2395,377,262,113,15,42,2,50,1091,2396,0,0,0,0,0,0,0,0,0,0,0,0,0,0,0,0,0,0,0,0,0,0,0,0,1
8,40,10,145,14,7,15,12,1098,682,4,2397,2,813,19,3,2398,2399,2400,15,0,0,0,0,0,0,0,0,0,0,0,0,0,0,1
1098,682,39,23,5,2401,75,2402,2403,2404,0,0,0,0,0,0,0,0,0,0,0,0,0,0,0,0,0,0,0,0,0,0,0,0,1
20,9,6,480,2405,0,0,0,0,0,0,0,0,0,0,0,0,0,0,0,0,0,0,0,0,0,0,0,0,0,0,0,0,0,1
22,3,2406,673,5,15,213,3,356,10,118,0,0,0,0,0,0,0,0,0,0,0,0,0,0,0,0,0,0,0,0,0,0,0,1
244,444,3,219,534,11,2,15,4,36,26,976,5,1028,486,0,0,0,0,0,0,0,0,0,0,0,0,0,0,0,0,0,0,0,1
2,111,6,496,480,19,458,0,0,0,0,0,0,0,0,0,0,0,0,0,0,0,0,0,0,0,0,0,0,0,0,0,0,0,1
351,3,1099,0,0,0,0,0,0,0,0,0,0,0,0,0,0,0,0,0,0,0,0,0,0,0,0,0,0,0,0,0,0,0,1
7,13,6,31,2407,136,9,360,40,51,163,491,0,0,0,0,0,0,0,0,0,0,0,0,0,0,0,0,0,0,0,0,0,0,0
2,15,286,95,97,2408,48,815,71,5,2,2409,2410,247,326,6,3,336,2411,10,145,2,211,8,145,14,19,35,2412,2413,2414,240,0,0,0
2,211,378,37,2,45,2,109,0,0,0,0,0,0,0,0,0,0,0,0,0,0,0,0,0,0,0,0,0,0,0,0,0,0,0
7,13,208,35,125,223,5,1100,2,2415,5,2,2416,4,2,318,2417,2418,695,1101,0,0,0,0,0,0,0,0,0,0,0,0,0,0,1
8,242,101,23,181,57,7,13,19,8,96,315,131,2419,5,695,1101,220,22,1061,4,94,6,167,2420,11,2,2421,4,2422,1102,0,0,0,1
134,171,5,2423,2424,11,7,15,0,0,0,0,0,0,0,0,0,0,0,0,0,0,0,0,0,0,0,0,0,0,0,0,0,0,1
2,45,6,694,2,488,26,2425,2426,257,4,2,983,26,2427,3,267,312,2428,48,57,0,0,0,0,0,0,0,0,0,0,0,0,0,1
74,38,797,5,2429,22,148,3,114,2430,2431,565,0,0,0,0,0,0,0,0,0,0,0,0,0,0,0,0,0,0,0,0,0,0,1
125,166,0,0,0,0,0,0,0,0,0,0,0,0,0,0,0,0,0,0,0,0,0,0,0,0,0,0,0,0,0,0,0,0,1
36,139,26,33,112,277,0,0,0,0,0,0,0,0,0,0,0,0,0,0,0,0,0,0,0,0,0,0,0,0,0,0,0,0,1
78,50,207,4,959,0,0,0,0,0,0,0,0,0,0,0,0,0,0,0,0,0,0,0,0,0,0,0,0,0,0,0,0,0,1
29,406,10,1103,4,3,267,18,32,1103,379,0,0,0,0,0,0,0,0,0,0,0,0,0,0,0,0,0,0,0,0,0,0,0,1
1104,2432,2433,2434,90,10,2435,21,46,680,2436,49,1105,2437,2438,352,2,2439,5,1106,1107,4,1071,1108,3,324,338,93,249,9,2,61,162,0,1
2440,2441,6,3,29,2442,2443,1104,52,79,38,29,2444,34,363,4,436,183,30,678,41,3,2445,300,20,2446,11,92,2447,18,858,4,1109,0,1
43,25,85,498,4,1107,4,2448,2449,7,6,2,23,0,0,0,0,0,0,0,0,0,0,0,0,0,0,0,0,0,0,0,0,0,1
7,6,3,901,4,2450,1110,5,2,2451,2452,423,2453,2454,39,2455,2456,4,608,1055,5,22,2457,2458,0,0,0,0,0,0,0,0,0,0,1
248,385,181,38,70,5,2,392,142,660,4,317,212,93,26,35,2459,1073,11,2460,10,87,7,164,3,386,4,634,574,0,0,0,0,0,1
198,575,872,55,473,70,3,15,37,868,14,6,127,392,890,0,0,0,0,0,0,0,0,0,0,0,0,0,0,0,0,0,0,0,1
2461,393,2462,1111,2463,232,4,2,50,489,2464,1112,39,2465,2466,52,2467,24,10,103,2,386,1112,18,2468,2469,18,93,183,853,3,63,1072,662,1
51,2470,18,285,489,641,18,2,44,2471,4,2,2472,71,236,5,2473,7,6,2474,0,0,0,0,0,0,0,0,0,0,0,0,0,0,0
2475,696,30,49,10,905,2476,32,2477,72,5,2478,110,25,79,2479,7,23,0,0,0,0,0,0,0,0,0,0,0,0,0,0,0,0,0
43,25,103,118,9,198,36,26,506,2480,2,630,311,2481,725,279,103,3,113,223,21,124,483,0,0,0,0,0,0,0,0,0,0,0,1
9,6,27,33,0,0,0,0,0,0,0,0,0,0,0,0,0,0,0,0,0,0,0,0,0,0,0,0,0,0,0,0,0,0,0
2482,5,2,142,9,6,2483,838,4,2484,0,0,0,0,0,0,0,0,0,0,0,0,0,0,0,0,0,0,0,0,0,0,0,0,0
241,2,15,30,2485,2,2486,0,0,0,0,0,0,0,0,0,0,0,0,0,0,0,0,0,0,0,0,0,0,0,0,0,0,0,0
7,6,3,601,13,0,0,0,0,0,0,0,0,0,0,0,0,0,0,0,0,0,0,0,0,0,0,0,0,0,0,0,0,0,1
2487,4,2488,566,0,0,0,0,0,0,0,0,0,0,0,0,0,0,0,0,0,0,0,0,0,0,0,0,0,0,0,0,0,0,1
3,29,894,619,626,210,20,451,2,1113,2489,193,23,190,325,42,91,131,24,3,626,93,697,24,2490,2491,5,3,228,2492,2493,10,2494,2495,1
32,5,2,517,2496,26,2497,0,0,0,0,0,0,0,0,0,0,0,0,0,0,0,0,0,0,0,0,0,0,0,0,0,0,0,1
349,1114,2498,58,675,34,2,200,4,275,2499,2500,39,2,343,5,2501,18,2502,4,1115,218,105,10,2503,1052,2504,4,2505,2506,0,0,0,0,1
2507,2508,55,2509,153,0,0,0,0,0,0,0,0,0,0,0,0,0,0,0,0,0,0,0,0,0,0,0,0,0,0,0,0,0,1
629,3,2510,2511,0,0,0,0,0,0,0,0,0,0,0,0,0,0,0,0,0,0,0,0,0,0,0,0,0,0,0,0,0,0,1
132,4,57,9,0,0,0,0,0,0,0,0,0,0,0,0,0,0,0,0,0,0,0,0,0,0,0,0,0,0,0,0,0,0,1
7,6,35,125,15,0,0,0,0,0,0,0,0,0,0,0,0,0,0,0,0,0,0,0,0,0,0,0,0,0,0,0,0,0,1
2,595,106,53,2512,0,0,0,0,0,0,0,0,0,0,0,0,0,0,0,0,0,0,0,0,0,0,0,0,0,0,0,0,0,1
9,12,78,2,144,1067,5,644,4,85,0,0,0,0,0,0,0,0,0,0,0,0,0,0,0,0,0,0,0,0,0,0,0,0,1
2,15,305,512,10,2,2513,119,11,2,290,5,324,570,55,31,102,163,2514,39,31,140,10,31,315,0,0,0,0,0,0,0,0,0,1
2515,2516,6,33,11,7,13,4,47,249,3,2517,0,0,0,0,0,0,0,0,0,0,0,0,0,0,0,0,0,0,0,0,0,0,1
3,33,15,39,3,50,199,0,0,0,0,0,0,0,0,0,0,0,0,0,0,0,0,0,0,0,0,0,0,0,0,0,0,0,1
7,6,217,23,5,2,109,1116,8,40,83,556,34,296,1089,4,2518,0,0,0,0,0,0,0,0,0,0,0,0,0,0,0,0,0,1
2519,23,82,2520,2521,24,387,2522,11,2,2523,1117,2524,23,14,246,10,90,2,59,12,2,268,1117,2525,2526,2527,583,10,1034,42,129,10,129,0
7,6,30,3,50,13,0,0,0,0,0,0,0,0,0,0,0,0,0,0,0,0,0,0,0,0,0,0,0,0,0,0,0,0,1
117,49,5,117,1118,0,0,0,0,0,0,0,0,0,0,0,0,0,0,0,0,0,0,0,0,0,0,0,0,0,0,0,0,0,1
8,157,57,60,7,13,79,38,35,2528,10,123,10,391,49,48,2529,568,4,2530,0,0,0,0,0,0,0,0,0,0,0,0,0,0,0
22,31,28,22,190,148,278,30,18,14,655,0,0,0,0,0,0,0,0,0,0,0,0,0,0,0,0,0,0,0,0,0,0,0,0
2531,2532,6,3,310,196,5,233,0,0,0,0,0,0,0,0,0,0,0,0,0,0,0,0,0,0,0,0,0,0,0,0,0,0,1
384,11,2,2533,2534,2535,2536,46,2537,521,684,328,1119,1025,3,15,41,62,82,0,0,0,0,0,0,0,0,0,0,0,0,0,0,0,1
7,6,23,5,1120,1119,59,2538,72,0,0,0,0,0,0,0,0,0,0,0,0,0,0,0,0,0,0,0,0,0,0,0,0,0,1
8,798,25,10,104,49,18,9,0,0,0,0,0,0,0,0,0,0,0,0,0,0,0,0,0,0,0,0,0,0,0,0,0,0,1
25,329,756,9,0,0,0,0,0,0,0,0,0,0,0,0,0,0,0,0,0,0,0,0,0,0,0,0,0,0,0,0,0,0,1
202,330,3,0,0,0,0,0,0,0,0,0,0,0,0,0,0,0,0,0,0,0,0,0,0,0,0,0,0,0,0,0,0,0,1
63,30,43,25,446,698,60,28,9,6,0,0,0,0,0,0,0,0,0,0,0,0,0,0,0,0,0,0,0,0,0,0,0,0,0
22,3,412,2539,1121,699,4,186,196,5,281,0,0,0,0,0,0,0,0,0,0,0,0,0,0,0,0,0,0,0,0,0,0,0,0
22,3,722,5,31,28,9,6,699,0,0,0,0,0,0,0,0,0,0,0,0,0,0,0,0,0,0,0,0,0,0,0,0,0,0
29,28,166,697,2540,2541,3,1122,2542,52,6,34,1088,32,2,44,0,0,0,0,0,0,0,0,0,0,0,0,0,0,0,0,0,0,0
9,6,3,15,37,134,30,3,2543,10,122,333,271,106,0,0,0,0,0,0,0,0,0,0,0,0,0,0,0,0,0,0,0,0,0
60,136,183,6,0,0,0,0,0,0,0,0,0,0,0,0,0,0,0,0,0,0,0,0,0,0,0,0,0,0,0,0,0,0,0
20,183,6,139,3,28,598,2544,92,2545,338,2546,11,279,5,92,819,0,0,0,0,0,0,0,0,0,0,0,0,0,0,0,0,0,0
2,2547,63,26,3,1056,0,0,0,0,0,0,0,0,0,0,0,0,0,0,0,0,0,0,0,0,0,0,0,0,0,0,0,0,0
2548,7,15,42,77,410,0,0,0,0,0,0,0,0,0,0,0,0,0,0,0,0,0,0,0,0,0,0,0,0,0,0,0,0,0
23,5,2,176,632,5,32,44,0,0,0,0,0,0,0,0,0,0,0,0,0,0,0,0,0,0,0,0,0,0,0,0,0,0,0
2,122,88,1123,21,623,2549,746,2550,10,279,82,14,88,38,126,203,2,1124,4,2551,18,0,0,0,0,0,0,0,0,0,0,0,0,0
2,1009,1122,2552,12,504,2,2553,2554,2,2555,300,52,26,237,112,0,0,0,0,0,0,0,0,0,0,0,0,0,0,0,0,0,0,0
119,1125,5,95,5,115,2556,1126,52,12,126,504,11,2,172,0,0,0,0,0,0,0,0,0,0,0,0,0,0,0,0,0,0,0,0
101,44,54,1020,46,2557,25,500,10,1050,25,57,230,2558,2,2559,12,3,1014,1015,18,7,314,122,0,0,0,0,0,0,0,0,0,0,0
2,488,53,19,504,19,2,112,0,0,0,0,0,0,0,0,0,0,0,0,0,0,0,0,0,0,0,0,0,0,0,0,0,0,0
347,88,38,2,75,84,10,1127,9,0,0,0,0,0,0,0,0,0,0,0,0,0,0,0,0,0,0,0,0,0,0,0,0,0,0
1006,4,744,26,668,111,11,94,6,11,140,942,3,945,2560,5,2561,1092,2562,11,22,2563,0,0,0,0,0,0,0,0,0,0,0,0,1
2,2564,5,2,15,2565,24,2,287,5,2566,2567,19,2,770,2568,86,0,0,0,0,0,0,0,0,0,0,0,0,0,0,0,0,0,1
2,2569,639,247,326,59,5,2,15,6,35,2570,519,0,0,0,0,0,0,0,0,0,0,0,0,0,0,0,0,0,0,0,0,0,1
175,216,649,5,2571,621,107,20,7,13,22,3,2572,10,95,2573,2574,36,6,0,0,0,0,0,0,0,0,0,0,0,0,0,0,0,0
2,253,2,2575,2,2576,121,6,700,0,0,0,0,0,0,0,0,0,0,0,0,0,0,0,0,0,0,0,0,0,0,0,0,0,0
25,79,184,109,65,34,2577,0,0,0,0,0,0,0,0,0,0,0,0,0,0,0,0,0,0,0,0,0,0,0,0,0,0,0,0
280,159,74,130,77,44,4,292,24,7,23,22,19,28,19,9,493,0,0,0,0,0,0,0,0,0,0,0,0,0,0,0,0,0,0
3,2578,13,93,181,40,163,342,10,1128,2579,0,0,0,0,0,0,0,0,0,0,0,0,0,0,0,0,0,0,0,0,0,0,0,0
213,60,309,1127,7,2580,2581,2582,5,3,15,0,0,0,0,0,0,0,0,0,0,0,0,0,0,0,0,0,0,0,0,0,0,0,0
31,412,11,101,727,14,9,30,2583,3,1096,869,250,7,6,23,5,2,59,2584,65,158,83,0,0,0,0,0,0,0,0,0,0,0,0
9,587,51,35,1129,19,3,2585,48,2586,13,0,0,0,0,0,0,0,0,0,0,0,0,0,0,0,0,0,0,0,0,0,0,0,0
22,35,718,1121,2587,5,3,13,0,0,0,0,0,0,0,0,0,0,0,0,0,0,0,0,0,0,0,0,0,0,0,0,0,0,0
647,22,27,148,2588,77,48,77,230,44,24,0,0,0,0,0,0,0,0,0,0,0,0,0,0,0,0,0,0,0,0,0,0,0,0
251,251,251,0,0,0,0,0,0,0,0,0,0,0,0,0,0,0,0,0,0,0,0,0,0,0,0,0,0,0,0,0,0,0,0
9,99,633,25,2589,835,0,0,0,0,0,0,0,0,0,0,0,0,0,0,0,0,0,0,0,0,0,0,0,0,0,0,0,0,0
2,2590,26,29,33,0,0,0,0,0,0,0,0,0,0,0,0,0,0,0,0,0,0,0,0,0,0,0,0,0,0,0,0,0,1
29,308,4,2591,2592,358,826,0,0,0,0,0,0,0,0,0,0,0,0,0,0,0,0,0,0,0,0,0,0,0,0,0,0,0,1
2,13,6,371,5,113,592,865,2,2593,0,0,0,0,0,0,0,0,0,0,0,0,0,0,0,0,0,0,0,0,0,0,0,0,1
71,50,142,4,353,558,0,0,0,0,0,0,0,0,0,0,0,0,0,0,0,0,0,0,0,0,0,0,0,0,0,0,0,0,1
9,2594,71,2595,1130,21,2596,4,541,4,5,667,55,2597,906,128,0,0,0,0,0,0,0,0,0,0,0,0,0,0,0,0,0,0,1
3,2598,113,1131,33,180,0,0,0,0,0,0,0,0,0,0,0,0,0,0,0,0,0,0,0,0,0,0,0,0,0,0,0,0,1
2,413,6,2,606,3,606,14,2599,101,963,5,2,296,0,0,0,0,0,0,0,0,0,0,0,0,0,0,0,0,0,0,0,0,1
22,23,5,2,65,8,805,10,57,2600,9,493,24,2601,410,2,268,14,8,447,40,9,2602,0,0,0,0,0,0,0,0,0,0,0,1
134,370,36,0,0,0,0,0,0,0,0,0,0,0,0,0,0,0,0,0,0,0,0,0,0,0,0,0,0,0,0,0,0,0,0
14,12,272,11,2,327,13,0,0,0,0,0,0,0,0,0,0,0,0,0,0,0,0,0,0,0,0,0,0,0,0,0,0,0,0
2,13,55,205,62,271,106,11,9,4,29,114,282,0,0,0,0,0,0,0,0,0,0,0,0,0,0,0,0,0,0,0,0,0,0
2,68,55,61,321,80,3,2603,5,2604,2605,4,2,361,4,288,6,2606,2607,2608,0,0,0,0,0,0,0,0,0,0,0,0,0,0,0
94,24,1132,6,2609,1027,11,7,15,0,0,0,0,0,0,0,0,0,0,0,0,0,0,0,0,0,0,0,0,0,0,0,0,0,0
8,30,155,7,15,4,8,146,9,0,0,0,0,0,0,0,0,0,0,0,0,0,0,0,0,0,0,0,0,0,0,0,0,0,1
9,55,3,29,33,68,9,2610,77,532,589,2,45,6,392,349,1114,12,694,4,1133,2611,12,78,29,33,0,0,0,0,0,0,0,0,1
3,29,33,15,473,37,50,4,2612,85,0,0,0,0,0,0,0,0,0,0,0,0,0,0,0,0,0,0,0,0,0,0,0,0,1
2,2615,14,6,37,10,1123,20,54,1134,2,889,11,2616,19,2,67,2617,4,7,50,192,305,3,166,14,249,25,1131,2,56,2618,4,908,1
1133,2619,86,6,29,344,4,183,55,64,10,174,3,2620,999,4,25,220,121,0,0,0,0,0,0,0,0,0,0,0,0,0,0,0,1
751,2,2621,5,2622,8,195,7,13,0,0,0,0,0,0,0,0,0,0,0,0,0,0,0,0,0,0,0,0,0,0,0,0,0,1
11,268,8,195,9,109,80,2623,21,3,2624,4,8,195,7,2625,2626,2627,109,80,2628,448,0,0,0,0,0,0,0,0,0,0,0,0,1
2629,12,150,33,19,2630,11,611,1135,92,179,2631,4,2632,701,129,0,0,0,0,0,0,0,0,0,0,0,0,0,0,0,0,0,0,1
175,3,216,649,5,7,259,369,1066,10,761,2633,328,2634,4,2635,0,0,0,0,0,0,0,0,0,0,0,0,0,0,0,0,0,0,1
8,335,8,195,2,2636,5,46,2637,12,302,0,0,0,0,0,0,0,0,0,0,0,0,0,0,0,0,0,0,0,0,0,0,0,1
2,2638,106,34,2,200,53,2639,0,0,0,0,0,0,0,0,0,0,0,0,0,0,0,0,0,0,0,0,0,0,0,0,0,0,0
20,8,168,46,45,12,2640,0,0,0,0,0,0,0,0,0,0,0,0,0,0,0,0,0,0,0,0,0,0,0,0,0,0,0,1
2641,2642,12,109,80,32,144,0,0,0,0,0,0,0,0,0,0,0,0,0,0,0,0,0,0,0,0,0,0,0,0,0,0,0,1
3,29,1136,15,21,113,1137,4,675,0,0,0,0,0,0,0,0,0,0,0,0,0,0,0,0,0,0,0,0,0,0,0,0,0,1
9,6,2643,69,3,990,1134,2,44,10,461,3,2644,1106,404,21,375,4,85,14,160,754,116,2,2645,5,167,1113,2646,48,120,2647,0,0,1
2648,49,5,1031,18,3,222,417,15,0,0,0,0,0,0,0,0,0,0,0,0,0,0,0,0,0,0,0,0,0,0,0,0,0,1
7,683,15,42,760,2649,2650,1138,6,3,29,33,540,10,2,702,2651,0,0,0,0,0,0,0,0,0,0,0,0,0,0,0,0,0,1
7,6,23,5,2,75,1139,2652,5,2,683,1140,0,0,0,0,0,0,0,0,0,0,0,0,0,0,0,0,0,0,0,0,0,0,1
3,2653,129,0,0,0,0,0,0,0,0,0,0,0,0,0,0,0,0,0,0,0,0,0,0,0,0,0,0,0,0,0,0,0,1
7,129,6,29,344,4,2654,0,0,0,0,0,0,0,0,0,0,0,0,0,0,0,0,0,0,0,0,0,0,0,0,0,0,0,0
2655,2,15,6,63,70,21,1141,450,380,45,4,638,142,42,2656,2657,390,33,6,3,2658,2659,925,2660,14,2661,41,22,652,42,3,2662,537,1
22,139,2663,2664,178,4,6,202,330,10,379,5,702,233,0,0,0,0,0,0,0,0,0,0,0,0,0,0,0,0,0,0,0,0,1
2,13,12,29,162,42,507,10,2,200,0,0,0,0,0,0,0,0,0,0,0,0,0,0,0,0,0,0,0,0,0,0,0,0,1
8,195,2,84,2665,2666,86,12,648,10,103,30,37,121,10,1142,21,46,962,0,0,0,0,0,0,0,0,0,0,0,0,0,0,0,1
7,13,6,78,1100,0,0,0,0,0,0,0,0,0,0,0,0,0,0,0,0,0,0,0,0,0,0,0,0,0,0,0,0,0,1
2667,8,96,9,632,14,131,181,640,10,184,3,2668,115,2669,451,2670,82,131,116,2671,0,0,0,0,0,0,0,0,0,0,0,0,0,1
4,9,12,219,0,0,0,0,0,0,0,0,0,0,0,0,0,0,0,0,0,0,0,0,0,0,0,0,0,0,0,0,0,0,0
8,227,31,2672,5,653,14,6,30,747,149,4,128,73,391,11,2673,4,394,0,0,0,0,0,0,0,0,0,0,0,0,0,0,0,0
2674,2,64,129,11,2,13,14,12,256,6,69,2,816,86,2675,92,914,2676,105,0,0,0,0,0,0,0,0,0,0,0,0,0,0,1
22,3,789,273,4,291,917,2677,0,0,0,0,0,0,0,0,0,0,0,0,0,0,0,0,0,0,0,0,0,0,0,0,0,0,1
35,1139,921,599,7,3,506,50,15,4,213,144,0,0,0,0,0,0,0,0,0,0,0,0,0,0,0,0,0,0,0,0,0,0,1
32,2,112,174,3,113,166,265,2678,2679,19,859,2680,52,2681,42,2,2682,2683,11,2,507,185,2,2684,2685,183,6,172,5,10,2,256,657,1
25,640,3,206,37,2,97,2686,703,5,131,11,7,13,4,3,206,37,2,13,773,414,0,0,0,0,0,0,0,0,0,0,0,0,1
2,13,11,13,2687,11,2,507,4,185,2,209,14,6,197,21,92,39,2,45,2688,26,1026,0,0,0,0,0,0,0,0,0,0,0,1
78,2,142,39,1143,2689,6,612,2,75,660,158,66,1125,0,0,0,0,0,0,0,0,0,0,0,0,0,0,0,0,0,0,0,0,1
25,329,931,7,13,0,0,0,0,0,0,0,0,0,0,0,0,0,0,0,0,0,0,0,0,0,0,0,0,0,0,0,0,0,1
313,12,7,15,70,0,0,0,0,0,0,0,0,0,0,0,0,0,0,0,0,0,0,0,0,0,0,0,0,0,0,0,0,0,0
2,15,55,35,2690,104,10,9,0,0,0,0,0,0,0,0,0,0,0,0,0,0,0,0,0,0,0,0,0,0,0,0,0,0,0
2,1144,6,3,15,14,30,74,104,144,0,0,0,0,0,0,0,0,0,0,0,0,0,0,0,0,0,0,0,0,0,0,0,0,0
1070,5,115,26,1090,48,2691,0,0,0,0,0,0,0,0,0,0,0,0,0,0,0,0,0,0,0,0,0,0,0,0,0,0,0,0
2,68,6,693,14,160,596,11,2,1145,84,48,40,95,2692,10,9,0,0,0,0,0,0,0,0,0,0,0,0,0,0,0,0,0,0
2,2693,6,27,148,23,327,5,77,44,0,0,0,0,0,0,0,0,0,0,0,0,0,0,0,0,0,0,0,0,0,0,0,0,0
8,155,9,19,3,382,24,263,434,11,2694,69,9,12,2,2695,4,8,187,9,0,0,0,0,0,0,0,0,0,0,0,0,0,0,1
507,5,2,13,6,3,289,2697,43,23,2698,14,7,13,12,70,63,116,2,2699,644,4,2,2700,2701,568,6,14,54,55,2702,11,2,2703,1
7,13,6,31,615,0,0,0,0,0,0,0,0,0,0,0,0,0,0,0,0,0,0,0,0,0,0,0,0,0,0,0,0,0,1
8,187,9,9,12,47,1148,0,0,0,0,0,0,0,0,0,0,0,0,0,0,0,0,0,0,0,0,0,0,0,0,0,0,0,1
8,85,2,2704,65,4,32,266,65,4,7,23,605,84,105,36,0,0,0,0,0,0,0,0,0,0,0,0,0,0,0,0,0,0,1
43,25,306,3,97,2705,312,7,23,0,0,0,0,0,0,0,0,0,0,0,0,0,0,0,0,0,0,0,0,0,0,0,0,0,1
565,0,0,0,0,0,0,0,0,0,0,0,0,0,0,0,0,0,0,0,0,0,0,0,0,0,0,0,0,0,0,0,0,0,1
7,6,35,2706,15,0,0,0,0,0,0,0,0,0,0,0,0,0,0,0,0,0,0,0,0,0,0,0,0,0,0,0,0,0,1
19,3,1149,225,22,1135,19,35,2707,24,2,984,2708,2709,22,661,0,0,0,0,0,0,0,0,0,0,0,0,0,0,0,0,0,0,1
7,15,2710,2,2711,867,5,2,2712,1102,14,22,27,37,1150,2713,48,2714,20,291,6,37,52,580,109,11,2715,0,0,0,0,0,0,0,1
2,15,6,63,1151,1152,4,23,5,2,75,1149,1116,158,83,0,0,0,0,0,0,0,0,0,0,0,0,0,0,0,0,0,0,0,1
7,369,2716,2717,263,225,325,3,2718,42,2,393,166,39,1126,0,0,0,0,0,0,0,0,0,0,0,0,0,0,0,0,0,0,0,1
186,20,27,3,28,118,0,0,0,0,0,0,0,0,0,0,0,0,0,0,0,0,0,0,0,0,0,0,0,0,0,0,0,0,1
9,12,2719,14,183,100,2,2720,4,704,10,1038,203,7,172,0,0,0,0,0,0,0,0,0,0,0,0,0,0,0,0,0,0,0,1
183,2721,2,13,63,0,0,0,0,0,0,0,0,0,0,0,0,0,0,0,0,0,0,0,0,0,0,0,0,0,0,0,0,0,1
2722,305,121,2,144,2723,4,563,10,40,3,33,2724,5,2,1086,891,2725,0,0,0,0,0,0,0,0,0,0,0,0,0,0,0,0,1
9,6,113,4,2726,10,118,4,8,471,14,9,325,604,153,24,10,2727,48,593,0,0,0,0,0,0,0,0,0,0,0,0,0,0,1
60,7,196,5,466,12,66,604,6,365,90,2,45,2,67,2,56,2,802,248,212,2728,32,700,0,0,0,0,0,0,0,0,0,0,0
11,268,7,2729,2730,41,3,2731,2732,0,0,0,0,0,0,0,0,0,0,0,0,0,0,0,0,0,0,0,0,0,0,0,0,0,0
251,34,32,505,0,0,0,0,0,0,0,0,0,0,0,0,0,0,0,0,0,0,0,0,0,0,0,0,0,0,0,0,0,0,0
657,2733,2734,2,680,2735,6,2,176,11,2,259,0,0,0,0,0,0,0,0,0,0,0,0,0,0,0,0,0,0,0,0,0,0,0
555,115,454,19,274,19,73,104,11,97,191,2,248,212,26,2740,41,69,2741,55,10,2742,2743,24,3,2744,2745,69,54,2746,671,42,3,2747,0
1153,2750,3,2751,2752,2,2753,10,184,637,647,8,30,89,375,37,95,5,7,15,4,656,27,10,385,2754,208,3,2755,701,10,2756,2757,2758,0
2,64,494,33,18,7,15,6,11,2,281,0,0,0,0,0,0,0,0,0,0,0,0,0,0,0,0,0,0,0,0,0,0,0,0
2,176,23,5,2,259,0,0,0,0,0,0,0,0,0,0,0,0,0,0,0,0,0,0,0,0,0,0,0,0,0,0,0,0,0
288,2,288,5,7,15,12,2759,11,58,2760,0,0,0,0,0,0,0,0,0,0,0,0,0,0,0,0,0,0,0,0,0,0,0,1
398,98,981,2,703,5,2,2761,109,164,19,69,2762,2763,2764,191,12,3,2765,5,374,2,398,274,141,39,1154,395,12,197,93,2766,140,703,1
232,2,15,12,384,11,35,162,84,0,0,0,0,0,0,0,0,0,0,0,0,0,0,0,0,0,0,0,0,0,0,0,0,0,1
5,667,2,666,42,2,1140,12,2767,20,14,64,2768,2,15,0,0,0,0,0,0,0,0,0,0,0,0,0,0,0,0,0,0,0,1
7,15,887,140,2769,4,2770,0,0,0,0,0,0,0,0,0,0,0,0,0,0,0,0,0,0,0,0,0,0,0,0,0,0,0,1
69,2771,4,2772,1111,2773,3,1146,42,2774,2775,14,668,2776,124,952,11,2,13,25,508,2,273,2777,5,7,125,15,0,0,0,0,0,0,1
2,67,912,11,2778,1040,2779,4,2,323,5,389,142,197,24,389,2780,6,30,23,61,393,2781,0,0,0,0,0,0,0,0,0,0,0,1
25,670,2782,2783,1087,356,11,46,2784,5,2,2785,2786,2787,51,178,25,26,30,91,3,13,20,25,103,560,18,30,3,506,2788,10,2789,0,1
20,7,1152,15,913,3,2790,2791,0,0,0,0,0,0,0,0,0,0,0,0,0,0,0,0,0,0,0,0,0,0,0,0,0,0,1
2,763,9,2792,6,11,915,10,22,2793,2794,0,0,0,0,0,0,0,0,0,0,0,0,0,0,0,0,0,0,0,0,0,0,0,1
25,99,953,2,475,2795,10,132,49,4,701,651,2,1118,0,0,0,0,0,0,0,0,0,0,0,0,0,0,0,0,0,0,0,0,1
2,45,19,1003,500,42,7,111,6,280,2796,0,0,0,0,0,0,0,0,0,0,0,0,0,0,0,0,0,0,0,0,0,0,0,1
49,603,63,390,2798,4,2799,4,32,2,112,2800,124,2801,2802,253,21,30,2,144,343,5,2803,2804,11,2805,10,87,2,147,127,337,4,877,1
2806,2807,78,1043,11,3,33,166,11,3,796,1105,20,386,492,19,2,2808,2809,2810,2811,1147,829,0,0,0,0,0,0,0,0,0,0,0,1
674,8,187,9,0,0,0,0,0,0,0,0,0,0,0,0,0,0,0,0,0,0,0,0,0,0,0,0,0,0,0,0,0,0,1
22,3,231,44,340,8,12,31,2812,39,3,13,0,0,0,0,0,0,0,0,0,0,0,0,0,0,0,0,0,0,0,0,0,0,1
8,2813,10,184,254,28,10,145,37,9,0,0,0,0,0,0,0,0,0,0,0,0,0,0,0,0,0,0,0,0,0,0,0,0,1
1143,58,524,7,6,23,5,156,362,72,41,1109,1155,419,48,2814,14,131,99,139,38,1150,4,2815,11,85,21,1156,1017,2816,133,671,2,159,1
22,150,1007,14,7,113,15,12,70,11,2817,19,973,428,100,22,2818,2819,11,2,991,2820,204,4,228,1130,34,14,44,0,0,0,0,0,1
946,7,809,18,299,1157,45,42,22,369,2822,111,4,18,2,2823,81,14,160,497,2,331,48,295,2,509,84,49,69,9,493,10,228,841,1
548,21,2,65,291,2824,339,4,394,715,44,9,208,35,239,223,0,0,0,0,0,0,0,0,0,0,0,0,0,0,0,0,0,0,1
2825,2826,35,1157,192,52,197,2827,483,11,140,72,5,2,847,6,3,989,204,141,52,6,794,5,2828,3,228,141,11,2,695,0,0,0,1
2829,24,8,85,957,0,0,0,0,0,0,0,0,0,0,0,0,0,0,0,0,0,0,0,0,0,0,0,0,0,0,0,0,0,1
57,9,21,77,230,43,25,40,3,2830,99,2831,105,71,239,544,37,60,258,676,1005,40,391,11,2,440,2832,133,0,0,0,0,0,0,1
57,127,72,43,25,79,0,0,0,0,0,0,0,0,0,0,0,0,0,0,0,0,0,0,0,0,0,0,0,0,0,0,0,0,1
9,12,14,502,198,14,2833,364,14,2834,12,139,34,2,280,5,46,209,19,2835,39,46,2836,1110,5,688,2837,2838,2839,2,1155,0,0,0,1
2840,2841,2842,437,2,2843,237,2844,2845,10,191,4,391,2846,2,2847,2848,11,965,303,0,0,0,0,0,0,0,0,0,0,0,0,0,0,1
29,284,4,2849,60,9,98,38,11,2,662,2850,0,0,0,0,0,0,0,0,0,0,0,0,0,0,0,0,0,0,0,0,0,0,0
22,29,439,0,0,0,0,0,0,0,0,0,0,0,0,0,0,0,0,0,0,0,0,0,0,0,0,0,0,0,0,0,0,0,0
206,5,321,11,2,68,244,134,37,60,54,713,2,2851,134,37,234,54,2852,1156,133,201,46,1158,4,1084,585,0,0,0,0,0,0,0,0
74,130,77,44,0,0,0,0,0,0,0,0,0,0,0,0,0,0,0,0,0,0,0,0,0,0,0,0,0,0,0,0,0,0,0
200,5,2853,6,23,5,2,176,2854,271,65,158,66,83,0,0,0,0,0,0,0,0,0,0,0,0,0,0,0,0,0,0,0,0,0
54,2855,160,138,60,10,87,3,2856,271,13,42,2,581,5,1022,2857,23,52,12,64,2858,10,705,2,81,30,18,3,216,1065,5,292,0,0
7,12,23,5,2,176,72,8,40,66,83,0,0,0,0,0,0,0,0,0,0,0,0,0,0,0,0,0,0,0,0,0,0,0,0
175,139,397,10,137,120,60,28,9,12,0,0,0,0,0,0,0,0,0,0,0,0,0,0,0,0,0,0,0,0,0,0,0,0,0
7,13,6,612,23,5,2,59,2859,334,5,266,66,0,0,0,0,0,0,0,0,0,0,0,0,0,0,0,0,0,0,0,0,0,1
9,55,121,25,98,306,264,225,282,2860,2861,2862,985,577,2863,43,696,556,18,2,2864,2865,5,2866,65,104,62,2867,0,0,0,0,0,0,1
31,8,79,146,9,18,2967,16,2,268,6,7,15,6,3,113,2968,404,37,143,131,2969,124,1168,17,2,75,172,37,2970,1046,6,22,2971,1
199,1154,2972,1169,2973,2974,10,2975,1168,42,1037,4,561,21,2,554,225,4,337,282,25,79,119,461,94,6,218,10,679,627,0,0,0,0,1
2976,74,51,130,77,44,24,7,0,0,0,0,0,0,0,0,0,0,0,0,0,0,0,0,0,0,0,0,0,0,0,0,0,0,0
7,23,30,376,10,736,95,97,264,0,0,0,0,0,0,0,0,0,0,0,0,0,0,0,0,0,0,0,0,0,0,0,0,0,0
19,18,2,1053,74,500,254,503,48,51,1013,661,0,0,0,0,0,0,0,0,0,0,0,0,0,0,0,0,0,0,0,0,0,0,0
36,6,198,71,150,33,45,34,211,18,7,645,5,15,0,0,0,0,0,0,0,0,0,0,0,0,0,0,0,0,0,0,0,0,1
175,31,2977,20,8,47,157,146,9,10,123,0,0,0,0,0,0,0,0,0,0,0,0,0,0,0,0,0,0,0,0,0,0,0,0
23,5,2,59,2978,65,8,40,66,83,0,0,0,0,0,0,0,0,0,0,0,0,0,0,0,0,0,0,0,0,0,0,0,0,0
2,2979,68,159,6,2980,4,22,2981,10,2,2982,68,159,6,2983,0,0,0,0,0,0,0,0,0,0,0,0,0,0,0,0,0,0,0
1000,9,0,0,0,0,0,0,0,0,0,0,0,0,0,0,0,0,0,0,0,0,0,0,0,0,0,0,0,0,0,0,0,0,0
7,6,23,5,2,176,800,801,13,340,1170,419,20,27,188,14,28,0,0,0,0,0,0,0,0,0,0,0,0,0,0,0,0,0,0
8,74,220,60,7,281,246,24,2,2984,5,2,13,1023,22,27,51,3,97,13,0,0,0,0,0,0,0,0,0,0,0,0,0,0,0
8,202,2985,14,123,98,66,41,7,466,0,0,0,0,0,0,0,0,0,0,0,0,0,0,0,0,0,0,0,0,0,0,0,0,0
7,6,27,2986,0,0,0,0,0,0,0,0,0,0,0,0,0,0,0,0,0,0,0,0,0,0,0,0,0,0,0,0,0,0,0
2,45,6,41,91,1002,707,566,277,4,762,42,3,423,213,60,28,9,6,0,0,0,0,0,0,0,0,0,0,0,0,0,0,0,0
31,8,227,128,10,2987,2988,27,312,7,13,9,6,2,2989,152,25,40,119,83,0,0,0,0,0,0,0,0,0,0,0,0,0,0,0
8,155,7,171,15,24,2990,2,82,474,4,215,187,9,0,0,0,0,0,0,0,0,0,0,0,0,0,0,0,0,0,0,0,0,1
8,89,2991,60,113,2,171,47,6,1095,2,440,143,106,0,0,0,0,0,0,0,0,0,0,0,0,0,0,0,0,0,0,0,0,1
125,171,15,0,0,0,0,0,0,0,0,0,0,0,0,0,0,0,0,0,0,0,0,0,0,0,0,0,0,0,0,0,0,0,1
2992,2,199,688,2993,79,609,2,171,116,3,2994,1021,15,21,2,354,111,48,2995,364,120,21,3,224,370,15,0,0,0,0,0,0,0,1
8,2996,21,2997,7,13,6,150,28,0,0,0,0,0,0,0,0,0,0,0,0,0,0,0,0,0,0,0,0,0,0,0,0,0,0
56,26,2998,51,2,33,1171,4,265,2,28,1171,0,0,0,0,0,0,0,0,0,0,0,0,0,0,0,0,0,0,0,0,0,0,0
2,67,159,6,126,186,0,0,0,0,0,0,0,0,0,0,0,0,0,0,0,0,0,0,0,0,0,0,0,0,0,0,0,0,0
27,102,147,27,102,142,2,224,15,12,384,19,2999,4,3000,41,3,3001,0,0,0,0,0,0,0,0,0,0,0,0,0,0,0,0,1
158,83,3002,3003,61,619,80,7,13,0,0,0,0,0,0,0,0,0,0,0,0,0,0,0,0,0,0,0,0,0,0,0,0,0,0
28,56,28,67,4,28,45,0,0,0,0,0,0,0,0,0,0,0,0,0,0,0,0,0,0,0,0,0,0,0,0,0,0,0,0
47,136,0,0,0,0,0,0,0,0,0,0,0,0,0,0,0,0,0,0,0,0,0,0,0,0,0,0,0,0,0,0,0,0,0
27,509,10,118,0,0,0,0,0,0,0,0,0,0,0,0,0,0,0,0,0,0,0,0,0,0,0,0,0,0,0,0,0,0,0
108,332,3004,30,41,3005,1167,15,3006,0,0,0,0,0,0,0,0,0,0,0,0,0,0,0,0,0,0,0,0,0,0,0,0,0,1
9,12,3,231,44,14,8,89,57,3,31,3007,192,24,177,0,0,0,0,0,0,0,0,0,0,0,0,0,0,0,0,0,0,0,1
3008,3009,55,261,3,113,67,37,1172,4,3010,55,3011,23,5,2,59,3012,56,83,11,65,11,691,133,0,0,0,0,0,0,0,0,0,1
2,13,6,27,372,289,20,3013,3014,3015,99,1142,21,25,18,3,231,44,151,2,3016,5,2,13,0,0,0,0,0,0,0,0,0,0,1
8,672,7,13,3017,0,0,0,0,0,0,0,0,0,0,0,0,0,0,0,0,0,0,0,0,0,0,0,0,0,0,0,0,0,1
43,7,12,1173,3018,988,3019,20,2,1166,2,1174,4,3020,5,2,56,19,63,19,71,332,229,110,1097,2,86,3021,697,32,3022,3,1175,3023,1
2,1174,201,685,4,1173,1036,2,354,113,438,226,155,11,1124,3024,21,685,4,3025,0,0,0,0,0,0,0,0,0,0,0,0,0,0,1
3026,3027,6,113,11,92,56,273,3028,4,3029,3,3030,24,92,86,11,34,210,11,2,3031,5,2,1159,0,0,0,0,0,0,0,0,0,1
18,3032,52,40,447,83,23,5,1176,72,54,6,139,11,280,732,4,70,262,3033,269,0,0,0,0,0,0,0,0,0,0,0,0,0,1
9,119,3034,32,2,56,40,33,622,3035,4,302,659,0,0,0,0,0,0,0,0,0,0,0,0,0,0,0,0,0,0,0,0,0,1
2,143,517,56,499,38,143,5,2,59,302,543,8,66,155,342,24,177,0,0,0,0,0,0,0,0,0,0,0,0,0,0,0,0,1
73,26,31,509,10,85,20,51,61,509,10,964,21,0,0,0,0,0,0,0,0,0,0,0,0,0,0,0,0,0,0,0,0,0,1
7,13,6,3036,43,25,346,463,3037,0,0,0,0,0,0,0,0,0,0,0,0,0,0,0,0,0,0,0,0,0,0,0,0,0,1
2,558,14,2,143,3038,3039,4,3040,26,170,0,0,0,0,0,0,0,0,0,0,0,0,0,0,0,0,0,0,0,0,0,0,0,1
2,67,6,78,127,108,4,3041,34,363,0,0,0,0,0,0,0,0,0,0,0,0,0,0,0,0,0,0,0,0,0,0,0,0,1
131,52,41,977,72,4,154,65,99,41,7,13,0,0,0,0,0,0,0,0,0,0,0,0,0,0,0,0,0,0,0,0,0,0,1
7,6,222,35,154,3042,190,55,3,206,5,154,11,9,0,0,0,0,0,0,0,0,0,0,0,0,0,0,0,0,0,0,0,0,1
132,312,9,0,0,0,0,0,0,0,0,0,0,0,0,0,0,0,0,0,0,0,0,0,0,0,0,0,0,0,0,0,0,0,1
198,151,669,91,7,15,8,3043,14,27,64,100,8,100,3,3044,410,10,2,531,9,1177,8,78,238,240,91,9,120,4,120,153,0,0,1
22,2,23,13,14,119,904,10,596,90,189,76,9,714,90,3045,19,8,432,10,448,10,3046,22,3047,0,0,0,0,0,0,0,0,0,1
531,473,0,0,0,0,0,0,0,0,0,0,0,0,0,0,0,0,0,0,0,0,0,0,0,0,0,0,0,0,0,0,0,0,1
20,43,25,195,65,41,2,3048,4,109,377,124,3049,8,96,584,508,2,168,1178,3050,269,7,15,99,174,25,0,0,0,0,0,0,0,1
96,5,2,15,167,41,3,3051,0,0,0,0,0,0,0,0,0,0,0,0,0,0,0,0,0,0,0,0,0,0,0,0,0,0,1
189,170,0,0,0,0,0,0,0,0,0,0,0,0,0,0,0,0,0,0,0,0,0,0,0,0,0,0,0,0,0,0,0,0,1
127,3052,4,3053,210,124,483,10,2,3054,11,7,404,5,3,3055,423,706,52,435,55,261,3,3056,3057,0,0,0,0,0,0,0,0,0,1
22,3,3058,345,394,1151,4,3059,3060,303,5,2,358,5,3,3061,0,0,0,0,0,0,0,0,0,0,0,0,0,0,0,0,0,0,1
9,580,3,3062,377,501,303,5,2,582,4,3063,5,2,56,780,0,0,0,0,0,0,0,0,0,0,0,0,0,0,0,0,0,0,1
30,298,25,103,251,3064,19,22,2,3065,5,32,14,6,33,37,324,3066,0,0,0,0,0,0,0,0,0,0,0,0,0,0,0,0,0
22,107,28,14,275,460,388,89,670,3067,409,5,1082,10,538,18,43,73,173,3068,40,3,258,109,15,24,276,1115,80,7,3069,250,0,0,0
2,13,583,3,114,439,34,179,0,0,0,0,0,0,0,0,0,0,0,0,0,0,0,0,0,0,0,0,0,0,0,0,0,0,0
20,9,3070,105,1170,4,246,144,10,2,413,0,0,0,0,0,0,0,0,0,0,0,0,0,0,0,0,0,0,0,0,0,0,0,1
9,514,631,60,2,3071,4,2,3072,3073,18,3074,4,2,3075,5,2,3076,0,0,0,0,0,0,0,0,0,0,0,0,0,0,0,0,1
8,214,9,0,0,0,0,0,0,0,0,0,0,0,0,0,0,0,0,0,0,0,0,0,0,0,0,0,0,0,0,0,0,0,1
8,40,330,9,10,806,0,0,0,0,0,0,0,0,0,0,0,0,0,0,0,0,0,0,0,0,0,0,0,0,0,0,0,0,1
8,12,390,944,21,2,45,704,5,3077,3078,0,0,0,0,0,0,0,0,0,0,0,0,0,0,0,0,0,0,0,0,0,0,0,1
127,112,222,220,4,482,124,625,86,765,3,422,3079,166,0,0,0,0,0,0,0,0,0,0,0,0,0,0,0,0,0,0,0,0,1
124,3080,438,3081,10,2,297,15,6,622,0,0,0,0,0,0,0,0,0,0,0,0,0,0,0,0,0,0,0,0,0,0,0,0,1
2,72,147,6,1175,97,10,191,0,0,0,0,0,0,0,0,0,0,0,0,0,0,0,0,0,0,0,0,0,0,0,0,0,0,1
2,706,3082,3083,974,173,46,3084,76,32,1162,26,855,4,3085,3086,0,0,0,0,0,0,0,0,0,0,0,0,0,0,0,0,0,0,1
2,318,465,222,3087,2,3088,5,2,15,0,0,0,0,0,0,0,0,0,0,0,0,0,0,0,0,0,0,0,0,0,0,0,0,1
279,3089,3090,1137,190,3091,10,2,106,4,56,0,0,0,0,0,0,0,0,0,0,0,0,0,0,0,0,0,0,0,0,0,0,0,1
217,148,278,22,2,673,5,168,1178,15,14,1108,25,10,956,77,320,3092,5,1172,0,0,0,0,0,0,0,0,0,0,0,0,0,0,1
3093,1176,3094,4,3095,15,18,1044,3096,3097,62,3098,62,1179,1179,24,2,3099,39,2,520,6,3,628,345,4,1051,104,34,1158,0,0,0,0,1
14,15,708,55,163,3100,39,3101,3102,730,9,6,127,3103,4,3104,10,138,14,3105,6,139,3106,24,3107,3108,708,10,461,46,1136,4,3109,488,1
169,79,27,38,378,5,2,3110,708,11,7,15,0,0,0,0,0,0,0,0,0,0,0,0,0,0,0,0,0,0,0,0,0,0,1
2,154,328,55,2,677,5,3111,3112,4,6,628,3113,4,3114,0,0,0,0,0,0,0,0,0,0,0,0,0,0,0,0,0,0,0,1
43,25,1164,11,164,3,15,25,181,38,416,14,696,772,3115,348,42,1132,19,258,19,572,0,0,0,0,0,0,0,0,0,0,0,0,0
7,23,3116,10,3117,24,2,506,3118,5,665,65,11,3119,3120,3121,4,3122,4,7,23,376,3123,0,0,0,0,0,0,0,0,0,0,0,0
43,25,624,3124,11,77,320,1081,39,2,200,39,32,2,322,225,4,3125,147,3126,267,40,481,3127,10,498,21,7,130,5,44,0,0,0,0
139,9,249,105,18,32,5,7,21,3,936,180,14,1177,3,50,520,3128,167,3129,49,39,2,3130,3131,0,0,0,0,0,0,0,0,0,1
30,403,2,125,67,380,45,4,104,5,2,15,19,3132,3133,0,0,0,0,0,0,0,0,0,0,0,0,0,0,0,0,0,0,0,1
793,226,246,3,591,3134,37,3,758,3135,3136,3137,0,0,0,0,0,0,0,0,0,0,0,0,0,0,0,0,0,0,0,0,0,0,0
241,8,221,9,153,143,3138,1019,3139,1039,3140,4,8,1033,10,47,346,9,4,7,44,8,939,2,297,152,0,0,0,0,0,0,0,0,1
9,6,3,29,63,551,4,272,263,13,0,0,0,0,0,0,0,0,0,0,0,0,0,0,0,0,0,0,0,0,0,0,0,0,1
3141,951,6,23,5,58,3142,630,4,8,96,183,208,3,392,223,11,7,15,0,0,0,0,0,0,0,0,0,0,0,0,0,0,0,1
8,446,91,9,120,4,120,0,0,0,0,0,0,0,0,0,0,0,0,0,0,0,0,0,0,0,0,0,0,0,0,0,0,0,1
22,3,3143,13,20,29,33,0,0,0,0,0,0,0,0,0,0,0,0,0,0,0,0,0,0,0,0,0,0,0,0,0,0,0,1
43,25,40,27,83,7,13,8,217,146,9,0,0,0,0,0,0,0,0,0,0,0,0,0,0,0,0,0,0,0,0,0,0,0,1
183,6,19,417,19,458,7,3144,0,0,0,0,0,0,0,0,0,0,0,0,0,0,0,0,0,0,0,0,0,0,0,0,0,0,1
139,22,188,162,4,480,10,426,0,0,0,0,0,0,0,0,0,0,0,0,0,0,0,0,0,0,0,0,0,0,0,0,0,0,1
146,21,3145,0,0,0,0,0,0,0,0,0,0,0,0,0,0,0,0,0,0,0,0,0,0,0,0,0,0,0,0,0,0,0,1
7,13,6,3146,21,282,4,225,4,8,608,214,240,0,0,0,0,0,0,0,0,0,0,0,0,0,0,0,0,0,0,0,0,0,1
9,12,3,3147,10,57,3148,3149,210,3,3150,3151,97,3152,3153,52,1169,46,3154,3155,18,46,3156,21,2,3157,3158,349,3159,0,0,0,0,0,1
3160,2,68,3161,3162,4,2,3163,106,53,3,3164,0,0,0,0,0,0,0,0,0,0,0,0,0,0,0,0,0,0,0,0,0,0,1
2,1062,1063,5,7,519,6,3,307,4,2,3165,3166,1049,621,14,426,26,3,1099,10,118,0,0,0,0,0,0,0,0,0,0,0,0,1
379,5,2,3167,99,38,11,779,0,0,0,0,0,0,0,0,0,0,0,0,0,0,0,0,0,0,0,0,0,0,0,0,0,0,1
1180,100,482,3,50,598,0,0,0,0,0,0,0,0,0,0,0,0,0,0,0,0,0,0,0,0,0,0,0,0,0,0,0,0,1
9,485,41,3,113,67,0,0,0,0,0,0,0,0,0,0,0,0,0,0,0,0,0,0,0,0,0,0,0,0,0,0,0,0,1
8,119,711,49,5,3,13,3168,0,0,0,0,0,0,0,0,0,0,0,0,0,0,0,0,0,0,0,0,0,0,0,0,0,0,0
8,30,246,481,91,3169,1180,295,92,3170,203,0,0,0,0,0,0,0,0,0,0,0,0,0,0,0,0,0,0,0,0,0,0,0,0
441,95,3171,11,7,72,489,110,12,396,24,3,3172,81,0,0,0,0,0,0,0,0,0,0,0,0,0,0,0,0,0,0,0,0,0
11,3,495,9,6,557,0,0,0,0,0,0,0,0,0,0,0,0,0,0,0,0,0,0,0,0,0,0,0,0,0,0,0,0,0
3173,28,0,0,0,0,0,0,0,0,0,0,0,0,0,0,0,0,0,0,0,0,0,0,0,0,0,0,0,0,0,0,0,0,0
32,11,32,22,35,497,10,852,479,4,3,478,130,5,292,0,0,0,0,0,0,0,0,0,0,0,0,0,0,0,0,0,0,0,0
